,banks,discount_description,vendor_image,vendor_name
0,"[{'bank_name': 'faysal-bank', 'uri': 'https://propakistani.pk/tools/bank/faysal-bank/'}]",Enjoy up to 10% off at 1st Step with Faysal Bank,https://propakistani.pk/tools/wp-content/uploads/2018/10/1st-step.png,1st Step
1,"[{'bank_name': 'soneri-bank', 'uri': 'https://propakistani.pk/tools/bank/soneri-bank/'}]",Buy One Regular/Large Pizza and Get One Free,https://propakistani.pk/tools/wp-content/uploads/2018/10/24-WallStreet-Pizza.jpg,24 WallStreet Pizza
2,"[{'bank_name': 'faysal-bank', 'uri': 'https://propakistani.pk/tools/bank/faysal-bank/'}]",Enjoy up to 20% off at 3D Lifestyle with Faysal Bank,https://propakistani.pk/tools/wp-content/uploads/2018/10/3D-lifestyle.jpg,3D Lifestyle
3,"[{'bank_name': 'faysal-bank', 'uri': 'https://propakistani.pk/tools/bank/faysal-bank/'}]",Enjoy up to 40% discount on membership and monthly packages at ABS Wellness Club with Faysal Bank,https://propakistani.pk/tools/wp-content/uploads/2018/10/ABS-wellness-club.jpg,ABS Wellness Club
4,"[{'bank_name': 'hbl', 'uri': 'https://propakistani.pk/tools/bank/hbl/'}]",Enjoy up to 15% off on Accessorize with HBL,https://propakistani.pk/tools/wp-content/uploads/2018/10/Accessorize.jpg,Accessorize
5,"[{'bank_name': 'hbl', 'uri': 'https://propakistani.pk/tools/bank/hbl/'}]",Enjoy up to 20% off on Afghan Carpet with HBL,https://propakistani.pk/tools/wp-content/uploads/2018/10/Afghan-Carpet.jpg,Afghan Carpet
6,"[{'bank_name': 'faysal-bank', 'uri': 'https://propakistani.pk/tools/bank/faysal-bank/'}, {'bank_name': 'hbl', 'uri': 'https://propakistani.pk/tools/bank/hbl/'}]",Enjoy up to 7% off on Agoda,https://propakistani.pk/tools/wp-content/uploads/2018/10/agoda.jpg,Agoda
7,"[{'bank_name': 'ubl-bank', 'uri': 'https://propakistani.pk/tools/bank/ubl-bank/'}]",Enjoy up to 20% off on AKS Jewelery with UBL.,"data:image/svg+xml,%3Csvg%20xmlns='http://www.w3.org/2000/svg'%20viewBox='0%200%200%200'%3E%3C/svg%3E",AKS Jewelery
8,"[{'bank_name': 'faysal-bank', 'uri': 'https://propakistani.pk/tools/bank/faysal-bank/'}]",Enjoy up to 15% off at Al Noor Diagnostic Centre with Faysal Bank,"data:image/svg+xml,%3Csvg%20xmlns='http://www.w3.org/2000/svg'%20viewBox='0%200%200%200'%3E%3C/svg%3E",Al Noor Diagnostic Centre
9,"[{'bank_name': 'faysal-bank', 'uri': 'https://propakistani.pk/tools/bank/faysal-bank/'}, {'bank_name': 'meezan-bank', 'uri': 'https://propakistani.pk/tools/bank/meezan-bank/'}]",Enjoy up to 25% off at Al Razi Healthcare,"data:image/svg+xml,%3Csvg%20xmlns='http://www.w3.org/2000/svg'%20viewBox='0%200%200%200'%3E%3C/svg%3E",Al Razi Healthcare
10,"[{'bank_name': 'hbl', 'uri': 'https://propakistani.pk/tools/bank/hbl/'}]",Enjoy up to 20% off on Al-Nakhal Cafe and Restaurant with HBL,"data:image/svg+xml,%3Csvg%20xmlns='http://www.w3.org/2000/svg'%20viewBox='0%200%200%200'%3E%3C/svg%3E",Al-Nakhal Cafe and Restaurant
11,"[{'bank_name': 'faysal-bank', 'uri': 'https://propakistani.pk/tools/bank/faysal-bank/'}]",Enjoy up to 15% off at Al-Nasser with Faysal Bank,"data:image/svg+xml,%3Csvg%20xmlns='http://www.w3.org/2000/svg'%20viewBox='0%200%200%200'%3E%3C/svg%3E",Al-Nasser
12,"[{'bank_name': 'bankislami', 'uri': 'https://propakistani.pk/tools/bank/bankislami/'}, {'bank_name': 'meezan-bank', 'uri': 'https://propakistani.pk/tools/bank/meezan-bank/'}]",Enjoy up to 10% off at Almirah,"data:image/svg+xml,%3Csvg%20xmlns='http://www.w3.org/2000/svg'%20viewBox='0%200%200%200'%3E%3C/svg%3E",Almirah
13,"[{'bank_name': 'faysal-bank', 'uri': 'https://propakistani.pk/tools/bank/faysal-bank/'}]",Enjoy up to 10% off at American Tourister (only on selected outlets) with Faysal Bank,"data:image/svg+xml,%3Csvg%20xmlns='http://www.w3.org/2000/svg'%20viewBox='0%200%200%200'%3E%3C/svg%3E",American Tourister
14,"[{'bank_name': 'faysal-bank', 'uri': 'https://propakistani.pk/tools/bank/faysal-bank/'}]",Enjoy up to 10% off at Arabian Delight with Faysal Bank,"data:image/svg+xml,%3Csvg%20xmlns='http://www.w3.org/2000/svg'%20viewBox='0%200%200%200'%3E%3C/svg%3E",Arabian Delight
15,"[{'bank_name': 'faysal-bank', 'uri': 'https://propakistani.pk/tools/bank/faysal-bank/'}]",Enjoy up to 15% off at Armas Clothing with Faysal Bank,"data:image/svg+xml,%3Csvg%20xmlns='http://www.w3.org/2000/svg'%20viewBox='0%200%200%200'%3E%3C/svg%3E",Armas Clothing
16,"[{'bank_name': 'allied-bank', 'uri': 'https://propakistani.pk/tools/bank/allied-bank/'}]",Enjoy up to 100% off (on making designs) at Ashfaq Jewellers with Allied Bank,"data:image/svg+xml,%3Csvg%20xmlns='http://www.w3.org/2000/svg'%20viewBox='0%200%200%200'%3E%3C/svg%3E",Ashfaq Jewellers
17,"[{'bank_name': 'faysal-bank', 'uri': 'https://propakistani.pk/tools/bank/faysal-bank/'}]","Enjoy up to 15% off at Asia Live (avail discount on amount spend up to PKR 30,000/-) with Faysal Bank","data:image/svg+xml,%3Csvg%20xmlns='http://www.w3.org/2000/svg'%20viewBox='0%200%200%200'%3E%3C/svg%3E",Asia Live
18,"[{'bank_name': 'faysal-bank', 'uri': 'https://propakistani.pk/tools/bank/faysal-bank/'}]",Enjoy up to 40% off at Asian Aroma (on room rack) with Faysal Bank,"data:image/svg+xml,%3Csvg%20xmlns='http://www.w3.org/2000/svg'%20viewBox='0%200%200%200'%3E%3C/svg%3E",Asian Aroma
19,"[{'bank_name': 'allied-bank', 'uri': 'https://propakistani.pk/tools/bank/allied-bank/'}]",Enjoy up to 15% off at Athlon with Allied Bank,"data:image/svg+xml,%3Csvg%20xmlns='http://www.w3.org/2000/svg'%20viewBox='0%200%200%200'%3E%3C/svg%3E",Athlon
20,"[{'bank_name': 'faysal-bank', 'uri': 'https://propakistani.pk/tools/bank/faysal-bank/'}]","Enjoy up to 15% off at Avari & Beach Luxury Hotels (avail discount on amount spend up to PKR 30,000/-) with Faysal Bank","data:image/svg+xml,%3Csvg%20xmlns='http://www.w3.org/2000/svg'%20viewBox='0%200%200%200'%3E%3C/svg%3E",Avari & Beach Luxury Hotels
21,"[{'bank_name': 'hbl', 'uri': 'https://propakistani.pk/tools/bank/hbl/'}]",Enjoy up to 35% off on Avari Hotels International with HBL,"data:image/svg+xml,%3Csvg%20xmlns='http://www.w3.org/2000/svg'%20viewBox='0%200%200%200'%3E%3C/svg%3E",Avari Hotels International
22,"[{'bank_name': 'faysal-bank', 'uri': 'https://propakistani.pk/tools/bank/faysal-bank/'}]",Enjoy up to 20% off at Aysha's with Faysal Bank,"data:image/svg+xml,%3Csvg%20xmlns='http://www.w3.org/2000/svg'%20viewBox='0%200%200%200'%3E%3C/svg%3E",Aysha's
23,"[{'bank_name': 'bank-alfalah', 'uri': 'https://propakistani.pk/tools/bank/bank-alfalah/'}]",Enjoy up to 10% off at B&O Play with Bank Alfalah,"data:image/svg+xml,%3Csvg%20xmlns='http://www.w3.org/2000/svg'%20viewBox='0%200%200%200'%3E%3C/svg%3E",B&O Play
24,"[{'bank_name': 'faysal-bank', 'uri': 'https://propakistani.pk/tools/bank/faysal-bank/'}]",Enjoy up to 15% off at Banera with Faysal Bank,"data:image/svg+xml,%3Csvg%20xmlns='http://www.w3.org/2000/svg'%20viewBox='0%200%200%200'%3E%3C/svg%3E",Banera
25,"[{'bank_name': 'hbl', 'uri': 'https://propakistani.pk/tools/bank/hbl/'}]",Enjoy up to 10% off on Bang & Olufsen Pakistan with HBL,"data:image/svg+xml,%3Csvg%20xmlns='http://www.w3.org/2000/svg'%20viewBox='0%200%200%200'%3E%3C/svg%3E",Bang & Olufsen Pakistan
26,"[{'bank_name': 'hbl', 'uri': 'https://propakistani.pk/tools/bank/hbl/'}]",Enjoy up to 20% off at Bar.B.Q Tonight with HBL,"data:image/svg+xml,%3Csvg%20xmlns='http://www.w3.org/2000/svg'%20viewBox='0%200%200%200'%3E%3C/svg%3E",Bar.B.Q Tonight
27,"[{'bank_name': 'bop', 'uri': 'https://propakistani.pk/tools/bank/bop/'}]",Enjoy up to 15% off on Barista Cafe (Except Drinks) with BOP.,"data:image/svg+xml,%3Csvg%20xmlns='http://www.w3.org/2000/svg'%20viewBox='0%200%200%200'%3E%3C/svg%3E",Barista Cafe
28,"[{'bank_name': 'sc', 'uri': 'https://propakistani.pk/tools/bank/sc/'}]",Enjoy up to 15% off at Battlefield Extreme Sports with SC Bank,"data:image/svg+xml,%3Csvg%20xmlns='http://www.w3.org/2000/svg'%20viewBox='0%200%200%200'%3E%3C/svg%3E",Battlefield Extreme Sports
29,"[{'bank_name': 'faysal-bank', 'uri': 'https://propakistani.pk/tools/bank/faysal-bank/'}]",Enjoy up to 20% off at Be Branded with Faysal Bank,"data:image/svg+xml,%3Csvg%20xmlns='http://www.w3.org/2000/svg'%20viewBox='0%200%200%200'%3E%3C/svg%3E",Be Branded
30,"[{'bank_name': 'allied-bank', 'uri': 'https://propakistani.pk/tools/bank/allied-bank/'}, {'bank_name': 'bop', 'uri': 'https://propakistani.pk/tools/bank/bop/'}, {'bank_name': 'hbl', 'uri': 'https://propakistani.pk/tools/bank/hbl/'}, {'bank_name': 'soneri-bank', 'uri': 'https://propakistani.pk/tools/bank/soneri-bank/'}]","Enjoy up to 15% off on above purchases Rs.5,000 at Bed & Bath.","data:image/svg+xml,%3Csvg%20xmlns='http://www.w3.org/2000/svg'%20viewBox='0%200%200%200'%3E%3C/svg%3E",Bed & Bath
31,"[{'bank_name': 'faysal-bank', 'uri': 'https://propakistani.pk/tools/bank/faysal-bank/'}]",Enjoy up to 15% off at Big Thick Burgerz with Faysal Bank,"data:image/svg+xml,%3Csvg%20xmlns='http://www.w3.org/2000/svg'%20viewBox='0%200%200%200'%3E%3C/svg%3E",Big Thick Burgerz
32,"[{'bank_name': 'faysal-bank', 'uri': 'https://propakistani.pk/tools/bank/faysal-bank/'}]",Enjoy up to 20% off at Bistro 201 with Faysal Bank,"data:image/svg+xml,%3Csvg%20xmlns='http://www.w3.org/2000/svg'%20viewBox='0%200%200%200'%3E%3C/svg%3E",Bistro 201
33,"[{'bank_name': 'faysal-bank', 'uri': 'https://propakistani.pk/tools/bank/faysal-bank/'}]",Enjoy up to 25% off at Brand Merchant with Faysal Bank,"data:image/svg+xml,%3Csvg%20xmlns='http://www.w3.org/2000/svg'%20viewBox='0%200%200%200'%3E%3C/svg%3E",Brand Merchant
34,"[{'bank_name': 'faysal-bank', 'uri': 'https://propakistani.pk/tools/bank/faysal-bank/'}]","Enjoy up to 15% off (avail discount on amount spend up to PKR 25,000/-) at Bukhara with Faysal Bank","data:image/svg+xml,%3Csvg%20xmlns='http://www.w3.org/2000/svg'%20viewBox='0%200%200%200'%3E%3C/svg%3E",Bukhara
35,"[{'bank_name': 'faysal-bank', 'uri': 'https://propakistani.pk/tools/bank/faysal-bank/'}]",Enjoy up to 10% off (international & domestic tours) at Bukhari Travels with Faysal Bank,"data:image/svg+xml,%3Csvg%20xmlns='http://www.w3.org/2000/svg'%20viewBox='0%200%200%200'%3E%3C/svg%3E",Bukhari Travels
36,"[{'bank_name': 'bop', 'uri': 'https://propakistani.pk/tools/bank/bop/'}, {'bank_name': 'soneri-bank', 'uri': 'https://propakistani.pk/tools/bank/soneri-bank/'}]",Enjoy up to 10% off at Burger Chalet.,"data:image/svg+xml,%3Csvg%20xmlns='http://www.w3.org/2000/svg'%20viewBox='0%200%200%200'%3E%3C/svg%3E",Burger Chalet
37,"[{'bank_name': 'bank-alfalah', 'uri': 'https://propakistani.pk/tools/bank/bank-alfalah/'}, {'bank_name': 'ubl-bank', 'uri': 'https://propakistani.pk/tools/bank/ubl-bank/'}]",Enjoy up to 20% off at Burger King.,"data:image/svg+xml,%3Csvg%20xmlns='http://www.w3.org/2000/svg'%20viewBox='0%200%200%200'%3E%3C/svg%3E",Burger King
38,"[{'bank_name': 'faysal-bank', 'uri': 'https://propakistani.pk/tools/bank/faysal-bank/'}]",Enjoy up to 15% off at Burger Lab with Faysal Bank,"data:image/svg+xml,%3Csvg%20xmlns='http://www.w3.org/2000/svg'%20viewBox='0%200%200%200'%3E%3C/svg%3E",Burger Lab
39,"[{'bank_name': 'hbl', 'uri': 'https://propakistani.pk/tools/bank/hbl/'}, {'bank_name': 'ubl-bank', 'uri': 'https://propakistani.pk/tools/bank/ubl-bank/'}]",Enjoy up to 20% off on Butlers Chocolate Cafe.,"data:image/svg+xml,%3Csvg%20xmlns='http://www.w3.org/2000/svg'%20viewBox='0%200%200%200'%3E%3C/svg%3E",Butlers Chocolate Cafe
40,"[{'bank_name': 'bank-alfalah', 'uri': 'https://propakistani.pk/tools/bank/bank-alfalah/'}]",Enjoy up to 40% off at Cafe Aylanto with Bank Alfalah,"data:image/svg+xml,%3Csvg%20xmlns='http://www.w3.org/2000/svg'%20viewBox='0%200%200%200'%3E%3C/svg%3E",Cafe Aylanto
41,"[{'bank_name': 'ubl-bank', 'uri': 'https://propakistani.pk/tools/bank/ubl-bank/'}]",Enjoy up to 20% off on Cafe Boulevard with HBL,"data:image/svg+xml,%3Csvg%20xmlns='http://www.w3.org/2000/svg'%20viewBox='0%200%200%200'%3E%3C/svg%3E",Cafe Boulevard
42,"[{'bank_name': 'faysal-bank', 'uri': 'https://propakistani.pk/tools/bank/faysal-bank/'}]",Enjoy up to 20% off at Cafe Nataliya with Faysal Bank,"data:image/svg+xml,%3Csvg%20xmlns='http://www.w3.org/2000/svg'%20viewBox='0%200%200%200'%3E%3C/svg%3E",Cafe Nataliya
43,"[{'bank_name': 'faysal-bank', 'uri': 'https://propakistani.pk/tools/bank/faysal-bank/'}, {'bank_name': 'hbl', 'uri': 'https://propakistani.pk/tools/bank/hbl/'}]",Enjoy up to 20% off at Cafe Royale London,"data:image/svg+xml,%3Csvg%20xmlns='http://www.w3.org/2000/svg'%20viewBox='0%200%200%200'%3E%3C/svg%3E",Cafe Royale London
44,"[{'bank_name': 'allied-bank', 'uri': 'https://propakistani.pk/tools/bank/allied-bank/'}, {'bank_name': 'bop', 'uri': 'https://propakistani.pk/tools/bank/bop/'}]",Enjoy up to 15% off at Cafe Solasta.,"data:image/svg+xml,%3Csvg%20xmlns='http://www.w3.org/2000/svg'%20viewBox='0%200%200%200'%3E%3C/svg%3E",Cafe Solasta
45,"[{'bank_name': 'meezan-bank', 'uri': 'https://propakistani.pk/tools/bank/meezan-bank/'}]",Enjoy up to 40% off at Careem (Every Friday) with Meezan Bank,"data:image/svg+xml,%3Csvg%20xmlns='http://www.w3.org/2000/svg'%20viewBox='0%200%200%200'%3E%3C/svg%3E",Careem
46,"[{'bank_name': 'faysal-bank', 'uri': 'https://propakistani.pk/tools/bank/faysal-bank/'}]","Enjoy up to 15% off (avail discount on amount spend up to PKR 30,000/-) at Casbah with Faysal Bank","data:image/svg+xml,%3Csvg%20xmlns='http://www.w3.org/2000/svg'%20viewBox='0%200%200%200'%3E%3C/svg%3E",Casbah
47,"[{'bank_name': 'allied-bank', 'uri': 'https://propakistani.pk/tools/bank/allied-bank/'}, {'bank_name': 'faysal-bank', 'uri': 'https://propakistani.pk/tools/bank/faysal-bank/'}]",Enjoy up to 20% off at Castillo,"data:image/svg+xml,%3Csvg%20xmlns='http://www.w3.org/2000/svg'%20viewBox='0%200%200%200'%3E%3C/svg%3E",Castillo
48,"[{'bank_name': 'faysal-bank', 'uri': 'https://propakistani.pk/tools/bank/faysal-bank/'}]",Enjoy up to 15% off at Centra Flora with Faysal Bank,"data:image/svg+xml,%3Csvg%20xmlns='http://www.w3.org/2000/svg'%20viewBox='0%200%200%200'%3E%3C/svg%3E",Centra Flora
49,"[{'bank_name': 'faysal-bank', 'uri': 'https://propakistani.pk/tools/bank/faysal-bank/'}]","Enjoy up to 15% off (avail discount on amount spend up to PKR 25,000/-) at Chandni with Faysal Bank","data:image/svg+xml,%3Csvg%20xmlns='http://www.w3.org/2000/svg'%20viewBox='0%200%200%200'%3E%3C/svg%3E",Chandni
50,"[{'bank_name': 'hbl', 'uri': 'https://propakistani.pk/tools/bank/hbl/'}]",Enjoy up to 15% off at Charles & Keith with HBL,"data:image/svg+xml,%3Csvg%20xmlns='http://www.w3.org/2000/svg'%20viewBox='0%200%200%200'%3E%3C/svg%3E",Charles & Keith
51,"[{'bank_name': 'soneri-bank', 'uri': 'https://propakistani.pk/tools/bank/soneri-bank/'}]",Enjoy up to 15% off at Chughtai Lab with Soneri Bank,"data:image/svg+xml,%3Csvg%20xmlns='http://www.w3.org/2000/svg'%20viewBox='0%200%200%200'%3E%3C/svg%3E",Chughtai Lab
52,[],Enjoy up to 20% off on Ciao Pizza Italian Cafe with UBL.,"data:image/svg+xml,%3Csvg%20xmlns='http://www.w3.org/2000/svg'%20viewBox='0%200%200%200'%3E%3C/svg%3E",Ciao Pizza Italian Cafe
53,"[{'bank_name': 'hbl', 'uri': 'https://propakistani.pk/tools/bank/hbl/'}]",Enjoy up to 20% off on Cinnabon with HBL,"data:image/svg+xml,%3Csvg%20xmlns='http://www.w3.org/2000/svg'%20viewBox='0%200%200%200'%3E%3C/svg%3E",Cinnabon
54,"[{'bank_name': 'bank-alfalah', 'uri': 'https://propakistani.pk/tools/bank/bank-alfalah/'}, {'bank_name': 'hbl', 'uri': 'https://propakistani.pk/tools/bank/hbl/'}]",Enjoy up to 15% off on Cinnamon Coffee Lounge,"data:image/svg+xml,%3Csvg%20xmlns='http://www.w3.org/2000/svg'%20viewBox='0%200%200%200'%3E%3C/svg%3E",Cinnamon Coffee Lounge
55,"[{'bank_name': 'bank-alfalah', 'uri': 'https://propakistani.pk/tools/bank/bank-alfalah/'}]",Enjoy free access to CIP International Lounges with Bank Alfalah,"data:image/svg+xml,%3Csvg%20xmlns='http://www.w3.org/2000/svg'%20viewBox='0%200%200%200'%3E%3C/svg%3E",CIP Lounge
56,"[{'bank_name': 'hbl', 'uri': 'https://propakistani.pk/tools/bank/hbl/'}]",Enjoy up to 15% off on Citrus Restaurant with HBL,"data:image/svg+xml,%3Csvg%20xmlns='http://www.w3.org/2000/svg'%20viewBox='0%200%200%200'%3E%3C/svg%3E",Citrus Restaurant
57,"[{'bank_name': 'hbl', 'uri': 'https://propakistani.pk/tools/bank/hbl/'}]",Enjoy up to 20% off on Claire's with HBL,"data:image/svg+xml,%3Csvg%20xmlns='http://www.w3.org/2000/svg'%20viewBox='0%200%200%200'%3E%3C/svg%3E",Claire's
58,"[{'bank_name': 'ubl-bank', 'uri': 'https://propakistani.pk/tools/bank/ubl-bank/'}]",Enjoy up to 50% off on Cliniconwheels with UBL.,"data:image/svg+xml,%3Csvg%20xmlns='http://www.w3.org/2000/svg'%20viewBox='0%200%200%200'%3E%3C/svg%3E",Cliniconwheels
59,"[{'bank_name': 'faysal-bank', 'uri': 'https://propakistani.pk/tools/bank/faysal-bank/'}, {'bank_name': 'ubl-bank', 'uri': 'https://propakistani.pk/tools/bank/ubl-bank/'}]",Enjoy up to 15% off (on dinning) at Cloud 9.,"data:image/svg+xml,%3Csvg%20xmlns='http://www.w3.org/2000/svg'%20viewBox='0%200%200%200'%3E%3C/svg%3E",Cloud 9
60,"[{'bank_name': 'faysal-bank', 'uri': 'https://propakistani.pk/tools/bank/faysal-bank/'}]",Enjoy up to 20% off (on cobblers products) at Cobblers with Faysal Bank,"data:image/svg+xml,%3Csvg%20xmlns='http://www.w3.org/2000/svg'%20viewBox='0%200%200%200'%3E%3C/svg%3E",Cobblers
61,"[{'bank_name': 'allied-bank', 'uri': 'https://propakistani.pk/tools/bank/allied-bank/'}]",Enjoy up to 10% off at Coffee Planet with Allied Bank,"data:image/svg+xml,%3Csvg%20xmlns='http://www.w3.org/2000/svg'%20viewBox='0%200%200%200'%3E%3C/svg%3E",Coffee Planet
62,"[{'bank_name': 'hbl', 'uri': 'https://propakistani.pk/tools/bank/hbl/'}]",Enjoy up to 20% off on Coffee Tea & Company with HBL,"data:image/svg+xml,%3Csvg%20xmlns='http://www.w3.org/2000/svg'%20viewBox='0%200%200%200'%3E%3C/svg%3E",Coffee Tea & Company
63,"[{'bank_name': 'bank-alfalah', 'uri': 'https://propakistani.pk/tools/bank/bank-alfalah/'}]",Enjoy up to 20% off at Cosa Nostra with Bank Alfalah,"data:image/svg+xml,%3Csvg%20xmlns='http://www.w3.org/2000/svg'%20viewBox='0%200%200%200'%3E%3C/svg%3E",Cosa Nostra
64,"[{'bank_name': 'faysal-bank', 'uri': 'https://propakistani.pk/tools/bank/faysal-bank/'}]",Enjoy up to 20% off at Cotton & Cotton with Faysal Bank,"data:image/svg+xml,%3Csvg%20xmlns='http://www.w3.org/2000/svg'%20viewBox='0%200%200%200'%3E%3C/svg%3E",Cotton & Cotton
65,"[{'bank_name': 'faysal-bank', 'uri': 'https://propakistani.pk/tools/bank/faysal-bank/'}]","Enjoy up to 15% off (avail discount on amount spend up to PKR 25,000/-) at Covo with Faysal Bank","data:image/svg+xml,%3Csvg%20xmlns='http://www.w3.org/2000/svg'%20viewBox='0%200%200%200'%3E%3C/svg%3E",Covo
66,"[{'bank_name': 'faysal-bank', 'uri': 'https://propakistani.pk/tools/bank/faysal-bank/'}]",Enjoy up to 15% off at Crescent Lawn with Faysal Bank,"data:image/svg+xml,%3Csvg%20xmlns='http://www.w3.org/2000/svg'%20viewBox='0%200%200%200'%3E%3C/svg%3E",Crescent Lawn
67,"[{'bank_name': 'bank-alfalah', 'uri': 'https://propakistani.pk/tools/bank/bank-alfalah/'}, {'bank_name': 'hbl', 'uri': 'https://propakistani.pk/tools/bank/hbl/'}]",Enjoy up to 15% off on Crocs,"data:image/svg+xml,%3Csvg%20xmlns='http://www.w3.org/2000/svg'%20viewBox='0%200%200%200'%3E%3C/svg%3E",Crocs
68,"[{'bank_name': 'js', 'uri': 'https://propakistani.pk/tools/bank/js/'}]",Enjoy up to 20% off at D’S Damat with JS Bank,"data:image/svg+xml,%3Csvg%20xmlns='http://www.w3.org/2000/svg'%20viewBox='0%200%200%200'%3E%3C/svg%3E",D’S Damat
69,"[{'bank_name': 'hbl', 'uri': 'https://propakistani.pk/tools/bank/hbl/'}, {'bank_name': 'ubl-bank', 'uri': 'https://propakistani.pk/tools/bank/ubl-bank/'}]",Enjoy up to 35% off on Damas Jewellery.,"data:image/svg+xml,%3Csvg%20xmlns='http://www.w3.org/2000/svg'%20viewBox='0%200%200%200'%3E%3C/svg%3E",Damas Jewellery
70,"[{'bank_name': 'meezan-bank', 'uri': 'https://propakistani.pk/tools/bank/meezan-bank/'}]",Enjoy up to 15% off (maximum 750Rs.) at Daraz.pk on every friday with Meezan Bank,"data:image/svg+xml,%3Csvg%20xmlns='http://www.w3.org/2000/svg'%20viewBox='0%200%200%200'%3E%3C/svg%3E",Daraz
71,"[{'bank_name': 'faysal-bank', 'uri': 'https://propakistani.pk/tools/bank/faysal-bank/'}, {'bank_name': 'ubl-bank', 'uri': 'https://propakistani.pk/tools/bank/ubl-bank/'}]",Enjoy up to 15% off (online purchases) at Dawaai.,"data:image/svg+xml,%3Csvg%20xmlns='http://www.w3.org/2000/svg'%20viewBox='0%200%200%200'%3E%3C/svg%3E",Dawaai
72,"[{'bank_name': 'faysal-bank', 'uri': 'https://propakistani.pk/tools/bank/faysal-bank/'}]",Enjoy up to 15% off at Deepak Perwani with Faysal Bank,"data:image/svg+xml,%3Csvg%20xmlns='http://www.w3.org/2000/svg'%20viewBox='0%200%200%200'%3E%3C/svg%3E",Deepak Perwani
73,"[{'bank_name': 'allied-bank', 'uri': 'https://propakistani.pk/tools/bank/allied-bank/'}]",Enjoy up to 10% off at Delish Pizza Bar with Allied Bank,"data:image/svg+xml,%3Csvg%20xmlns='http://www.w3.org/2000/svg'%20viewBox='0%200%200%200'%3E%3C/svg%3E",Delish Pizza Bar
74,"[{'bank_name': 'faysal-bank', 'uri': 'https://propakistani.pk/tools/bank/faysal-bank/'}, {'bank_name': 'hbl', 'uri': 'https://propakistani.pk/tools/bank/hbl/'}, {'bank_name': 'ubl-bank', 'uri': 'https://propakistani.pk/tools/bank/ubl-bank/'}]",Enjoy up to 30% off at DHL.,"data:image/svg+xml,%3Csvg%20xmlns='http://www.w3.org/2000/svg'%20viewBox='0%200%200%200'%3E%3C/svg%3E",DHL
75,"[{'bank_name': 'hbl', 'uri': 'https://propakistani.pk/tools/bank/hbl/'}]",Enjoy up to 15% off on Diamond Supreme Foam with HBL,"data:image/svg+xml,%3Csvg%20xmlns='http://www.w3.org/2000/svg'%20viewBox='0%200%200%200'%3E%3C/svg%3E",Diamond Supreme Foam
76,"[{'bank_name': 'hbl', 'uri': 'https://propakistani.pk/tools/bank/hbl/'}]",Enjoy up to 10% off on Dolce Vita Home with HBL,"data:image/svg+xml,%3Csvg%20xmlns='http://www.w3.org/2000/svg'%20viewBox='0%200%200%200'%3E%3C/svg%3E",Dolce Vita Home
77,"[{'bank_name': 'faysal-bank', 'uri': 'https://propakistani.pk/tools/bank/faysal-bank/'}]","Enjoy up to 15% off (avail discount on amount spend up to PKR 25,000/-) at Dumpukht with Faysal Bank","data:image/svg+xml,%3Csvg%20xmlns='http://www.w3.org/2000/svg'%20viewBox='0%200%200%200'%3E%3C/svg%3E",Dumpukht
78,"[{'bank_name': 'bank-alfalah', 'uri': 'https://propakistani.pk/tools/bank/bank-alfalah/'}, {'bank_name': 'hbl', 'uri': 'https://propakistani.pk/tools/bank/hbl/'}]",Enjoy up to 15% off on Dynasty,"data:image/svg+xml,%3Csvg%20xmlns='http://www.w3.org/2000/svg'%20viewBox='0%200%200%200'%3E%3C/svg%3E",Dynasty
79,"[{'bank_name': 'sc', 'uri': 'https://propakistani.pk/tools/bank/sc/'}]",Enjoy up to 10% off at Elkay International with Standard Chartered Bank,"data:image/svg+xml,%3Csvg%20xmlns='http://www.w3.org/2000/svg'%20viewBox='0%200%200%200'%3E%3C/svg%3E",Elkay International
80,"[{'bank_name': 'allied-bank', 'uri': 'https://propakistani.pk/tools/bank/allied-bank/'}]",Enjoy up to 15% off at Enzee Exclusive with Allied Bank,"data:image/svg+xml,%3Csvg%20xmlns='http://www.w3.org/2000/svg'%20viewBox='0%200%200%200'%3E%3C/svg%3E",Enzee Exclusive
81,"[{'bank_name': 'faysal-bank', 'uri': 'https://propakistani.pk/tools/bank/faysal-bank/'}]","Enjoy up to 5% off (organic food, gluten free items, Philips brand) at Esajees with Faysal Bank (discount available in Islamabad Koshar Market Shop F-6/3 and in Lahore Y Block Market Shop Phase III DHA Lahore)","data:image/svg+xml,%3Csvg%20xmlns='http://www.w3.org/2000/svg'%20viewBox='0%200%200%200'%3E%3C/svg%3E",Esajees
82,"[{'bank_name': 'hbl', 'uri': 'https://propakistani.pk/tools/bank/hbl/'}]",Enjoy up to 10% off on Espresso with HBL,"data:image/svg+xml,%3Csvg%20xmlns='http://www.w3.org/2000/svg'%20viewBox='0%200%200%200'%3E%3C/svg%3E",Espresso
83,"[{'bank_name': 'faysal-bank', 'uri': 'https://propakistani.pk/tools/bank/faysal-bank/'}, {'bank_name': 'ubl-bank', 'uri': 'https://propakistani.pk/tools/bank/ubl-bank/'}]",Enjoy up to 25% off at Essa Laboratory.,"data:image/svg+xml,%3Csvg%20xmlns='http://www.w3.org/2000/svg'%20viewBox='0%200%200%200'%3E%3C/svg%3E",Essa Laboratory
84,"[{'bank_name': 'faysal-bank', 'uri': 'https://propakistani.pk/tools/bank/faysal-bank/'}]",Enjoy up to 15% off at Essa Pharmacy with Faysal Bank,"data:image/svg+xml,%3Csvg%20xmlns='http://www.w3.org/2000/svg'%20viewBox='0%200%200%200'%3E%3C/svg%3E",Essa Pharmacy
85,"[{'bank_name': 'faysal-bank', 'uri': 'https://propakistani.pk/tools/bank/faysal-bank/'}]",Enjoy up to 20% off at Essence De' Paris with Faysal Bank,"data:image/svg+xml,%3Csvg%20xmlns='http://www.w3.org/2000/svg'%20viewBox='0%200%200%200'%3E%3C/svg%3E",Essence De' Paris
86,"[{'bank_name': 'ubl-bank', 'uri': 'https://propakistani.pk/tools/bank/ubl-bank/'}]",Enjoy up to 15% off on Essence De’ Paris with UBL,"data:image/svg+xml,%3Csvg%20xmlns='http://www.w3.org/2000/svg'%20viewBox='0%200%200%200'%3E%3C/svg%3E",Essence De’ Paris
87,"[{'bank_name': 'faysal-bank', 'uri': 'https://propakistani.pk/tools/bank/faysal-bank/'}]",Enjoy up to 5% off (ALL FARES through official website) at Etihad Airways with Faysal Bank,"data:image/svg+xml,%3Csvg%20xmlns='http://www.w3.org/2000/svg'%20viewBox='0%200%200%200'%3E%3C/svg%3E",Etihad Airways
88,"[{'bank_name': 'soneri-bank', 'uri': 'https://propakistani.pk/tools/bank/soneri-bank/'}]",Enjoy up to 20% off at Eto with Soneri Bank,"data:image/svg+xml,%3Csvg%20xmlns='http://www.w3.org/2000/svg'%20viewBox='0%200%200%200'%3E%3C/svg%3E",Eto.
89,"[{'bank_name': 'faysal-bank', 'uri': 'https://propakistani.pk/tools/bank/faysal-bank/'}]",Enjoy up to 20% off at Excel Labs Pvt Ltd with Faysal Bank,"data:image/svg+xml,%3Csvg%20xmlns='http://www.w3.org/2000/svg'%20viewBox='0%200%200%200'%3E%3C/svg%3E",Excel Labs Pvt Ltd
90,"[{'bank_name': 'faysal-bank', 'uri': 'https://propakistani.pk/tools/bank/faysal-bank/'}]",Enjoy up to 20% off at Exist with Faysal Bank,"data:image/svg+xml,%3Csvg%20xmlns='http://www.w3.org/2000/svg'%20viewBox='0%200%200%200'%3E%3C/svg%3E",Exist
91,"[{'bank_name': 'faysal-bank', 'uri': 'https://propakistani.pk/tools/bank/faysal-bank/'}, {'bank_name': 'meezan-bank', 'uri': 'https://propakistani.pk/tools/bank/meezan-bank/'}]",Enjoy up to 30% off at FedEx,"data:image/svg+xml,%3Csvg%20xmlns='http://www.w3.org/2000/svg'%20viewBox='0%200%200%200'%3E%3C/svg%3E",FedEx
92,"[{'bank_name': 'hbl', 'uri': 'https://propakistani.pk/tools/bank/hbl/'}]",Enjoy up to 20% off on FHS with HBL,"data:image/svg+xml,%3Csvg%20xmlns='http://www.w3.org/2000/svg'%20viewBox='0%200%200%200'%3E%3C/svg%3E",FHS
93,"[{'bank_name': 'faysal-bank', 'uri': 'https://propakistani.pk/tools/bank/faysal-bank/'}]","Enjoy up to 15% off (avail discount on amount spend up to PKR 25,000/-) at Front Page Cafe with Faysal Bank","data:image/svg+xml,%3Csvg%20xmlns='http://www.w3.org/2000/svg'%20viewBox='0%200%200%200'%3E%3C/svg%3E",Front Page Cafe
94,"[{'bank_name': 'bank-alfalah', 'uri': 'https://propakistani.pk/tools/bank/bank-alfalah/'}]",Enjoy up to 40% off at Fuchsia with Bank Alfalah,"data:image/svg+xml,%3Csvg%20xmlns='http://www.w3.org/2000/svg'%20viewBox='0%200%200%200'%3E%3C/svg%3E",Fuchsia
95,"[{'bank_name': 'hbl', 'uri': 'https://propakistani.pk/tools/bank/hbl/'}]",Enjoy up to 15% off on Fujiyama with HBL,"data:image/svg+xml,%3Csvg%20xmlns='http://www.w3.org/2000/svg'%20viewBox='0%200%200%200'%3E%3C/svg%3E",Fujiyama
96,"[{'bank_name': 'bank-alfalah', 'uri': 'https://propakistani.pk/tools/bank/bank-alfalah/'}]",Enjoy up to 15% off at Fujiyama - Avari Tower with Bank Alfalah,"data:image/svg+xml,%3Csvg%20xmlns='http://www.w3.org/2000/svg'%20viewBox='0%200%200%200'%3E%3C/svg%3E",Fujiyama - Avari Tower
97,"[{'bank_name': 'hbl', 'uri': 'https://propakistani.pk/tools/bank/hbl/'}]",Enjoy up to 15% off on Galito's with HBL,"data:image/svg+xml,%3Csvg%20xmlns='http://www.w3.org/2000/svg'%20viewBox='0%200%200%200'%3E%3C/svg%3E",Galito's
98,"[{'bank_name': 'ubl-bank', 'uri': 'https://propakistani.pk/tools/bank/ubl-bank/'}]",20% OFF on all UBL cards from Friday till Sunday.,"data:image/svg+xml,%3Csvg%20xmlns='http://www.w3.org/2000/svg'%20viewBox='0%200%200%200'%3E%3C/svg%3E",Galito’s
99,"[{'bank_name': 'faysal-bank', 'uri': 'https://propakistani.pk/tools/bank/faysal-bank/'}]",Enjoy up to 25% off at Gerry's Travel with Faysal Bank (only on international packages excluding tickets - minimum 5 person),"data:image/svg+xml,%3Csvg%20xmlns='http://www.w3.org/2000/svg'%20viewBox='0%200%200%200'%3E%3C/svg%3E",Gerry's Travel
100,"[{'bank_name': 'hbl', 'uri': 'https://propakistani.pk/tools/bank/hbl/'}]",Enjoy up to 10% off on Ginsoy with HBL,"data:image/svg+xml,%3Csvg%20xmlns='http://www.w3.org/2000/svg'%20viewBox='0%200%200%200'%3E%3C/svg%3E",Ginsoy
101,"[{'bank_name': 'allied-bank', 'uri': 'https://propakistani.pk/tools/bank/allied-bank/'}]",Enjoy up to 15% off at Glam Face with Allied Bank,"data:image/svg+xml,%3Csvg%20xmlns='http://www.w3.org/2000/svg'%20viewBox='0%200%200%200'%3E%3C/svg%3E",Glam Face
102,"[{'bank_name': 'allied-bank', 'uri': 'https://propakistani.pk/tools/bank/allied-bank/'}]",Enjoy up to 15% off at Glam Face Men with Allied Bank,"data:image/svg+xml,%3Csvg%20xmlns='http://www.w3.org/2000/svg'%20viewBox='0%200%200%200'%3E%3C/svg%3E",Glam Face Men
103,"[{'bank_name': 'js', 'uri': 'https://propakistani.pk/tools/bank/js/'}]",Enjoy up to 20% off at Golarchi with JS Bank,"data:image/svg+xml,%3Csvg%20xmlns='http://www.w3.org/2000/svg'%20viewBox='0%200%200%200'%3E%3C/svg%3E",Golarchi
104,"[{'bank_name': 'faysal-bank', 'uri': 'https://propakistani.pk/tools/bank/faysal-bank/'}]","Enjoy up to 15% off (avail discount on amount spend up to PKR 25,000/-) at Grapevine Cafe with Faysal Bank","data:image/svg+xml,%3Csvg%20xmlns='http://www.w3.org/2000/svg'%20viewBox='0%200%200%200'%3E%3C/svg%3E",Grapevine Cafe
105,"[{'bank_name': 'faysal-bank', 'uri': 'https://propakistani.pk/tools/bank/faysal-bank/'}]",Enjoy up to 20% off at Gravity By Saqib Riaz with Faysal Bank,"data:image/svg+xml,%3Csvg%20xmlns='http://www.w3.org/2000/svg'%20viewBox='0%200%200%200'%3E%3C/svg%3E",Gravity By Saqib Riaz
106,"[{'bank_name': 'hbl', 'uri': 'https://propakistani.pk/tools/bank/hbl/'}]",Enjoy up to 20% off on Grill House with HBL,"data:image/svg+xml,%3Csvg%20xmlns='http://www.w3.org/2000/svg'%20viewBox='0%200%200%200'%3E%3C/svg%3E",Grill House
107,"[{'bank_name': 'faysal-bank', 'uri': 'https://propakistani.pk/tools/bank/faysal-bank/'}]",Enjoy up to 20% off (on business class - Falcon Gold) at Gulf Air with Faysal Bank,"data:image/svg+xml,%3Csvg%20xmlns='http://www.w3.org/2000/svg'%20viewBox='0%200%200%200'%3E%3C/svg%3E",Gulf Air
108,"[{'bank_name': 'sc', 'uri': 'https://propakistani.pk/tools/bank/sc/'}]",Enjoy up to 25% off (on membership fee) at Gymboree with Standard Chartered Bank,"data:image/svg+xml,%3Csvg%20xmlns='http://www.w3.org/2000/svg'%20viewBox='0%200%200%200'%3E%3C/svg%3E",Gymboree
109,"[{'bank_name': 'ubl-bank', 'uri': 'https://propakistani.pk/tools/bank/ubl-bank/'}]",Enjoy up to 25% off on Hair Club International with UBL.,"data:image/svg+xml,%3Csvg%20xmlns='http://www.w3.org/2000/svg'%20viewBox='0%200%200%200'%3E%3C/svg%3E",Hair Club International
110,"[{'bank_name': 'faysal-bank', 'uri': 'https://propakistani.pk/tools/bank/faysal-bank/'}]",Enjoy up to 20% off at Hakim & Sons with Faysal Bank,"data:image/svg+xml,%3Csvg%20xmlns='http://www.w3.org/2000/svg'%20viewBox='0%200%200%200'%3E%3C/svg%3E",Hakim & Sons
111,"[{'bank_name': 'faysal-bank', 'uri': 'https://propakistani.pk/tools/bank/faysal-bank/'}]",Enjoy up to 20% off at Hamayun Alamgir with Faysal Bank,"data:image/svg+xml,%3Csvg%20xmlns='http://www.w3.org/2000/svg'%20viewBox='0%200%200%200'%3E%3C/svg%3E",Hamayun Alamgir
112,"[{'bank_name': 'hbl', 'uri': 'https://propakistani.pk/tools/bank/hbl/'}]",Enjoy up to 15% off at Hardees with HBL,"data:image/svg+xml,%3Csvg%20xmlns='http://www.w3.org/2000/svg'%20viewBox='0%200%200%200'%3E%3C/svg%3E",Hardees
113,"[{'bank_name': 'allied-bank', 'uri': 'https://propakistani.pk/tools/bank/allied-bank/'}]",Enjoy up to 10% off at Herbal Wellness Centre with Allied Bank,"data:image/svg+xml,%3Csvg%20xmlns='http://www.w3.org/2000/svg'%20viewBox='0%200%200%200'%3E%3C/svg%3E",Herbal Wellness Centre
114,"[{'bank_name': 'allied-bank', 'uri': 'https://propakistani.pk/tools/bank/allied-bank/'}, {'bank_name': 'hbl', 'uri': 'https://propakistani.pk/tools/bank/hbl/'}, {'bank_name': 'sc', 'uri': 'https://propakistani.pk/tools/bank/sc/'}]",Enjoy up to 50% off on Hospitality Inn,"data:image/svg+xml,%3Csvg%20xmlns='http://www.w3.org/2000/svg'%20viewBox='0%200%200%200'%3E%3C/svg%3E",Hospitality Inn
115,"[{'bank_name': 'js', 'uri': 'https://propakistani.pk/tools/bank/js/'}]",Enjoy up to 65% off on Rack Rates at Hotel One with JS Bank,"data:image/svg+xml,%3Csvg%20xmlns='http://www.w3.org/2000/svg'%20viewBox='0%200%200%200'%3E%3C/svg%3E",Hotel One
116,"[{'bank_name': 'hbl', 'uri': 'https://propakistani.pk/tools/bank/hbl/'}]",Enjoy up to 15% off on House of Chinese with HBL,"data:image/svg+xml,%3Csvg%20xmlns='http://www.w3.org/2000/svg'%20viewBox='0%200%200%200'%3E%3C/svg%3E",House of Chinese
117,"[{'bank_name': 'hbl', 'uri': 'https://propakistani.pk/tools/bank/hbl/'}]",Enjoy up to 25% off on HOWDY with HBL,"data:image/svg+xml,%3Csvg%20xmlns='http://www.w3.org/2000/svg'%20viewBox='0%200%200%200'%3E%3C/svg%3E",HOWDY
118,"[{'bank_name': 'ubl-bank', 'uri': 'https://propakistani.pk/tools/bank/ubl-bank/'}]",Enjoy up to 30% off on Indus Lab with UBL.,"data:image/svg+xml,%3Csvg%20xmlns='http://www.w3.org/2000/svg'%20viewBox='0%200%200%200'%3E%3C/svg%3E",Indus Lab
119,"[{'bank_name': 'faysal-bank', 'uri': 'https://propakistani.pk/tools/bank/faysal-bank/'}]",Enjoy up to 15% off at Ink Factory with Faysal Bank,"data:image/svg+xml,%3Csvg%20xmlns='http://www.w3.org/2000/svg'%20viewBox='0%200%200%200'%3E%3C/svg%3E",Ink Factory
120,"[{'bank_name': 'allied-bank', 'uri': 'https://propakistani.pk/tools/bank/allied-bank/'}]",Enjoy up to 15% off at IADM with Allied Bank,"data:image/svg+xml,%3Csvg%20xmlns='http://www.w3.org/2000/svg'%20viewBox='0%200%200%200'%3E%3C/svg%3E","Institute of Art, Design & Management"
121,"[{'bank_name': 'faysal-bank', 'uri': 'https://propakistani.pk/tools/bank/faysal-bank/'}]",Enjoy up to 20% off at International Laser Hair Transplant Surgery Center with Faysal Bank,"data:image/svg+xml,%3Csvg%20xmlns='http://www.w3.org/2000/svg'%20viewBox='0%200%200%200'%3E%3C/svg%3E",International Laser Hair Transplant Surgery Center
122,"[{'bank_name': 'soneri-bank', 'uri': 'https://propakistani.pk/tools/bank/soneri-bank/'}]",Enjoy up to 15% off on Bodybrics at Jacked Nutrition with Soneri Bank,"data:image/svg+xml,%3Csvg%20xmlns='http://www.w3.org/2000/svg'%20viewBox='0%200%200%200'%3E%3C/svg%3E",Jacked Nutrition
123,"[{'bank_name': 'hbl', 'uri': 'https://propakistani.pk/tools/bank/hbl/'}]",Enjoy up to 20% off on Jade Cafe with HBL,"data:image/svg+xml,%3Csvg%20xmlns='http://www.w3.org/2000/svg'%20viewBox='0%200%200%200'%3E%3C/svg%3E",Jade Cafe
124,"[{'bank_name': 'hbl', 'uri': 'https://propakistani.pk/tools/bank/hbl/'}, {'bank_name': 'meezan-bank', 'uri': 'https://propakistani.pk/tools/bank/meezan-bank/'}]",Enjoy up to 20% off on Jammin Java Cafe,"data:image/svg+xml,%3Csvg%20xmlns='http://www.w3.org/2000/svg'%20viewBox='0%200%200%200'%3E%3C/svg%3E",Jammin Java Cafe
125,"[{'bank_name': 'allied-bank', 'uri': 'https://propakistani.pk/tools/bank/allied-bank/'}]",Enjoy up to 20% off at Jammin' Java Cafe with Allied Bank,"data:image/svg+xml,%3Csvg%20xmlns='http://www.w3.org/2000/svg'%20viewBox='0%200%200%200'%3E%3C/svg%3E",Jammin' Java Cafe
126,"[{'bank_name': 'faysal-bank', 'uri': 'https://propakistani.pk/tools/bank/faysal-bank/'}]","Enjoy up to 15% off at Jason Steak House with Faysal Bank (avail discount on amount spend up to PKR 25,000/-)","data:image/svg+xml,%3Csvg%20xmlns='http://www.w3.org/2000/svg'%20viewBox='0%200%200%200'%3E%3C/svg%3E",Jason Steak House
127,"[{'bank_name': 'faysal-bank', 'uri': 'https://propakistani.pk/tools/bank/faysal-bank/'}]",Enjoy up to 15% off at JB Saeed - Home & hardware with Faysal Bank,"data:image/svg+xml,%3Csvg%20xmlns='http://www.w3.org/2000/svg'%20viewBox='0%200%200%200'%3E%3C/svg%3E",JB Saeed - Home & hardware
128,"[{'bank_name': 'soneri-bank', 'uri': 'https://propakistani.pk/tools/bank/soneri-bank/'}]",Enjoy up to 20% off at Johnny Rockets with Soneri Bank,"data:image/svg+xml,%3Csvg%20xmlns='http://www.w3.org/2000/svg'%20viewBox='0%200%200%200'%3E%3C/svg%3E",Johnny Rockets
129,"[{'bank_name': 'bankislami', 'uri': 'https://propakistani.pk/tools/bank/bankislami/'}]",Enjoy up to 10% off at Junaid Jamshed with BankIslami,"data:image/svg+xml,%3Csvg%20xmlns='http://www.w3.org/2000/svg'%20viewBox='0%200%200%200'%3E%3C/svg%3E",Junaid Jamshed
130,"[{'bank_name': 'hbl', 'uri': 'https://propakistani.pk/tools/bank/hbl/'}]",Enjoy up to 15% off on KC Bakery with HBL,"data:image/svg+xml,%3Csvg%20xmlns='http://www.w3.org/2000/svg'%20viewBox='0%200%200%200'%3E%3C/svg%3E",KC Bakery
131,"[{'bank_name': 'allied-bank', 'uri': 'https://propakistani.pk/tools/bank/allied-bank/'}]",Enjoy up to 25% off at Khaaki with Allied Bank,"data:image/svg+xml,%3Csvg%20xmlns='http://www.w3.org/2000/svg'%20viewBox='0%200%200%200'%3E%3C/svg%3E",Khaaki
132,"[{'bank_name': 'js', 'uri': 'https://propakistani.pk/tools/bank/js/'}]",Enjoy up to 15% off at Khas Store with JS Bank,"data:image/svg+xml,%3Csvg%20xmlns='http://www.w3.org/2000/svg'%20viewBox='0%200%200%200'%3E%3C/svg%3E",Khas Store
133,"[{'bank_name': 'faysal-bank', 'uri': 'https://propakistani.pk/tools/bank/faysal-bank/'}]","Enjoy up to 15% off (avail discount on amount spend up to PKR 30,000/-) at Kim's with Faysal Bank","data:image/svg+xml,%3Csvg%20xmlns='http://www.w3.org/2000/svg'%20viewBox='0%200%200%200'%3E%3C/svg%3E",Kim's
134,"[{'bank_name': 'bank-alfalah', 'uri': 'https://propakistani.pk/tools/bank/bank-alfalah/'}]",Enjoy up to 15% off at KIMS - Avari Tower with Bank Alfalah,"data:image/svg+xml,%3Csvg%20xmlns='http://www.w3.org/2000/svg'%20viewBox='0%200%200%200'%3E%3C/svg%3E",KIMS - Avari Tower
135,"[{'bank_name': 'hbl', 'uri': 'https://propakistani.pk/tools/bank/hbl/'}]",Enjoy up to 15% off on Kitchen Cuisine with HBL,"data:image/svg+xml,%3Csvg%20xmlns='http://www.w3.org/2000/svg'%20viewBox='0%200%200%200'%3E%3C/svg%3E",Kitchen Cuisine
136,"[{'bank_name': 'bop', 'uri': 'https://propakistani.pk/tools/bank/bop/'}, {'bank_name': 'ubl-bank', 'uri': 'https://propakistani.pk/tools/bank/ubl-bank/'}]",Enjoy up to 10% off on Kitchen Cuisine Bakery.,"data:image/svg+xml,%3Csvg%20xmlns='http://www.w3.org/2000/svg'%20viewBox='0%200%200%200'%3E%3C/svg%3E",Kitchen Cuisine Bakery
137,"[{'bank_name': 'allied-bank', 'uri': 'https://propakistani.pk/tools/bank/allied-bank/'}, {'bank_name': 'faysal-bank', 'uri': 'https://propakistani.pk/tools/bank/faysal-bank/'}]",Enjoy up to 40% off (on first treatment session) at KKT,"data:image/svg+xml,%3Csvg%20xmlns='http://www.w3.org/2000/svg'%20viewBox='0%200%200%200'%3E%3C/svg%3E",KKT
138,"[{'bank_name': 'hbl', 'uri': 'https://propakistani.pk/tools/bank/hbl/'}]",Enjoy up to 25% off on La Atrium with HBL,"data:image/svg+xml,%3Csvg%20xmlns='http://www.w3.org/2000/svg'%20viewBox='0%200%200%200'%3E%3C/svg%3E",La Atrium
139,"[{'bank_name': 'bank-alfalah', 'uri': 'https://propakistani.pk/tools/bank/bank-alfalah/'}]",Enjoy up to 15% off at La Patisserie- Avari Tower with Bank Alfalah,"data:image/svg+xml,%3Csvg%20xmlns='http://www.w3.org/2000/svg'%20viewBox='0%200%200%200'%3E%3C/svg%3E",La Patisserie- Avari Tower
140,"[{'bank_name': 'faysal-bank', 'uri': 'https://propakistani.pk/tools/bank/faysal-bank/'}, {'bank_name': 'hbl', 'uri': 'https://propakistani.pk/tools/bank/hbl/'}, {'bank_name': 'sc', 'uri': 'https://propakistani.pk/tools/bank/sc/'}]",Enjoy up to 20% off on Lahore Gates.,"data:image/svg+xml,%3Csvg%20xmlns='http://www.w3.org/2000/svg'%20viewBox='0%200%200%200'%3E%3C/svg%3E",Lahore Gates
141,"[{'bank_name': 'sc', 'uri': 'https://propakistani.pk/tools/bank/sc/'}]",Enjoy up to 25% off at Lahore Social with Standard Chartered Bank,"data:image/svg+xml,%3Csvg%20xmlns='http://www.w3.org/2000/svg'%20viewBox='0%200%200%200'%3E%3C/svg%3E",Lahore Social
142,"[{'bank_name': 'bank-alfalah', 'uri': 'https://propakistani.pk/tools/bank/bank-alfalah/'}]",Enjoy up to 15% off at Lakhnavi - Avari Tower with Bank Alfalah,"data:image/svg+xml,%3Csvg%20xmlns='http://www.w3.org/2000/svg'%20viewBox='0%200%200%200'%3E%3C/svg%3E",Lakhnavi - Avari Tower
143,"[{'bank_name': 'hbl', 'uri': 'https://propakistani.pk/tools/bank/hbl/'}]",Enjoy up to 20% off on Lals with HBL,"data:image/svg+xml,%3Csvg%20xmlns='http://www.w3.org/2000/svg'%20viewBox='0%200%200%200'%3E%3C/svg%3E",Lals
144,"[{'bank_name': 'ubl-bank', 'uri': 'https://propakistani.pk/tools/bank/ubl-bank/'}]",Enjoy up to 20% off on Lals Chocolates with UBL.,"data:image/svg+xml,%3Csvg%20xmlns='http://www.w3.org/2000/svg'%20viewBox='0%200%200%200'%3E%3C/svg%3E",Lals Chocolates
145,"[{'bank_name': 'allied-bank', 'uri': 'https://propakistani.pk/tools/bank/allied-bank/'}]",Enjoy up to 15% off at LEANFIT with Allied Bank,"data:image/svg+xml,%3Csvg%20xmlns='http://www.w3.org/2000/svg'%20viewBox='0%200%200%200'%3E%3C/svg%3E",LEANFIT
146,"[{'bank_name': 'faysal-bank', 'uri': 'https://propakistani.pk/tools/bank/faysal-bank/'}]",Enjoy up to 25% off at Leather Fashion with Faysal Bank,"data:image/svg+xml,%3Csvg%20xmlns='http://www.w3.org/2000/svg'%20viewBox='0%200%200%200'%3E%3C/svg%3E",Leather Fashion
147,"[{'bank_name': 'sc', 'uri': 'https://propakistani.pk/tools/bank/sc/'}]",Enjoy up to 10% off at Lebanese Lounge with Standard Chartered Bank,"data:image/svg+xml,%3Csvg%20xmlns='http://www.w3.org/2000/svg'%20viewBox='0%200%200%200'%3E%3C/svg%3E",Lebanese Lounge
148,"[{'bank_name': 'bank-alfalah', 'uri': 'https://propakistani.pk/tools/bank/bank-alfalah/'}]",Enjoy up to 10% off at Liberty Books with Bank Alfalah,"data:image/svg+xml,%3Csvg%20xmlns='http://www.w3.org/2000/svg'%20viewBox='0%200%200%200'%3E%3C/svg%3E",Liberty Books
149,"[{'bank_name': 'faysal-bank', 'uri': 'https://propakistani.pk/tools/bank/faysal-bank/'}]","Enjoy up to 15% off (avail discount on amount spend up to PKR 25,000/-) at Lobby Lounge with Faysal Bank","data:image/svg+xml,%3Csvg%20xmlns='http://www.w3.org/2000/svg'%20viewBox='0%200%200%200'%3E%3C/svg%3E",Lobby Lounge
150,"[{'bank_name': 'sc', 'uri': 'https://propakistani.pk/tools/bank/sc/'}]",Enjoy up to 10% off at Luna Cafe with Standard Chartered Bank,"data:image/svg+xml,%3Csvg%20xmlns='http://www.w3.org/2000/svg'%20viewBox='0%200%200%200'%3E%3C/svg%3E",Luna Cafe
151,"[{'bank_name': 'sc', 'uri': 'https://propakistani.pk/tools/bank/sc/'}]",Enjoy up to 20% off at Luxus Grand Cinemas with Standard Chartered Bank,"data:image/svg+xml,%3Csvg%20xmlns='http://www.w3.org/2000/svg'%20viewBox='0%200%200%200'%3E%3C/svg%3E",Luxus Grand Cinemas
152,"[{'bank_name': 'faysal-bank', 'uri': 'https://propakistani.pk/tools/bank/faysal-bank/'}]",Enjoy up to 10% off at Maisonette FirHill Villas with Faysal Bank,"data:image/svg+xml,%3Csvg%20xmlns='http://www.w3.org/2000/svg'%20viewBox='0%200%200%200'%3E%3C/svg%3E",Maisonette FirHill Villas
153,"[{'bank_name': 'hbl', 'uri': 'https://propakistani.pk/tools/bank/hbl/'}]",Enjoy up to 10% off on Make-up City with HBL,"data:image/svg+xml,%3Csvg%20xmlns='http://www.w3.org/2000/svg'%20viewBox='0%200%200%200'%3E%3C/svg%3E",Make-up City
154,"[{'bank_name': 'meezan-bank', 'uri': 'https://propakistani.pk/tools/bank/meezan-bank/'}]",Enjoy up to 15% off on Business Class at Malindo Air with Meezan Bank,"data:image/svg+xml,%3Csvg%20xmlns='http://www.w3.org/2000/svg'%20viewBox='0%200%200%200'%3E%3C/svg%3E",Malindo Air
155,"[{'bank_name': 'bank-alfalah', 'uri': 'https://propakistani.pk/tools/bank/bank-alfalah/'}]",Enjoy up to 15% off at Mandarin Kitchen with Bank Alfalah,"data:image/svg+xml,%3Csvg%20xmlns='http://www.w3.org/2000/svg'%20viewBox='0%200%200%200'%3E%3C/svg%3E",Mandarin Kitchen
156,"[{'bank_name': 'faysal-bank', 'uri': 'https://propakistani.pk/tools/bank/faysal-bank/'}]","Enjoy up to 15% off (avail discount on amount spend up to PKR 25,000/-) at Marco Polo with Faysal Bank","data:image/svg+xml,%3Csvg%20xmlns='http://www.w3.org/2000/svg'%20viewBox='0%200%200%200'%3E%3C/svg%3E",Marco Polo
157,"[{'bank_name': 'js', 'uri': 'https://propakistani.pk/tools/bank/js/'}, {'bank_name': 'ubl-bank', 'uri': 'https://propakistani.pk/tools/bank/ubl-bank/'}]",Enjoy up to 20% off at Masoom’s.,"data:image/svg+xml,%3Csvg%20xmlns='http://www.w3.org/2000/svg'%20viewBox='0%200%200%200'%3E%3C/svg%3E",Masoom’s
158,"[{'bank_name': 'ubl-bank', 'uri': 'https://propakistani.pk/tools/bank/ubl-bank/'}]",Enjoy up to 15% off on Master Golf with UBL.,"data:image/svg+xml,%3Csvg%20xmlns='http://www.w3.org/2000/svg'%20viewBox='0%200%200%200'%3E%3C/svg%3E",Master Golf
159,"[{'bank_name': 'mcb', 'uri': 'https://propakistani.pk/tools/bank/mcb/'}]",Enjoy up to 30% off at Master Management CIP Lounge with MCB,"data:image/svg+xml,%3Csvg%20xmlns='http://www.w3.org/2000/svg'%20viewBox='0%200%200%200'%3E%3C/svg%3E",Master Management
160,"[{'bank_name': 'hbl', 'uri': 'https://propakistani.pk/tools/bank/hbl/'}, {'bank_name': 'meezan-bank', 'uri': 'https://propakistani.pk/tools/bank/meezan-bank/'}]",Get 4 Pcs Chicken McNuggets or a Sundae for Free,"data:image/svg+xml,%3Csvg%20xmlns='http://www.w3.org/2000/svg'%20viewBox='0%200%200%200'%3E%3C/svg%3E",MC Donald's
161,"[{'bank_name': 'hbl', 'uri': 'https://propakistani.pk/tools/bank/hbl/'}, {'bank_name': 'meezan-bank', 'uri': 'https://propakistani.pk/tools/bank/meezan-bank/'}]",Enjoy up to 10% off on Meat One,"data:image/svg+xml,%3Csvg%20xmlns='http://www.w3.org/2000/svg'%20viewBox='0%200%200%200'%3E%3C/svg%3E",Meat One
162,"[{'bank_name': 'soneri-bank', 'uri': 'https://propakistani.pk/tools/bank/soneri-bank/'}]",Enjoy up to 15% off at Mei Kong with Soneri Bank,"data:image/svg+xml,%3Csvg%20xmlns='http://www.w3.org/2000/svg'%20viewBox='0%200%200%200'%3E%3C/svg%3E",Mei Kong
163,"[{'bank_name': 'allied-bank', 'uri': 'https://propakistani.pk/tools/bank/allied-bank/'}]",Enjoy up to 15% off at Melange with Allied Bank,"data:image/svg+xml,%3Csvg%20xmlns='http://www.w3.org/2000/svg'%20viewBox='0%200%200%200'%3E%3C/svg%3E",Melange
164,"[{'bank_name': 'hbl', 'uri': 'https://propakistani.pk/tools/bank/hbl/'}]",Enjoy up to 20% off on Memon Medical Institute Hospital with HBL,"data:image/svg+xml,%3Csvg%20xmlns='http://www.w3.org/2000/svg'%20viewBox='0%200%200%200'%3E%3C/svg%3E",Memon Medical Institute Hospital
165,"[{'bank_name': 'hbl', 'uri': 'https://propakistani.pk/tools/bank/hbl/'}]",Enjoy up to 20% off on Menu with HBL,"data:image/svg+xml,%3Csvg%20xmlns='http://www.w3.org/2000/svg'%20viewBox='0%200%200%200'%3E%3C/svg%3E",Menu
166,"[{'bank_name': 'allied-bank', 'uri': 'https://propakistani.pk/tools/bank/allied-bank/'}, {'bank_name': 'faysal-bank', 'uri': 'https://propakistani.pk/tools/bank/faysal-bank/'}, {'bank_name': 'meezan-bank', 'uri': 'https://propakistani.pk/tools/bank/meezan-bank/'}]",Enjoy up to 15% off at Metro Shoes,"data:image/svg+xml,%3Csvg%20xmlns='http://www.w3.org/2000/svg'%20viewBox='0%200%200%200'%3E%3C/svg%3E",Metro Shoes
167,"[{'bank_name': 'allied-bank', 'uri': 'https://propakistani.pk/tools/bank/allied-bank/'}]",Enjoy up to 15% off at Mian's with Allied Bank,"data:image/svg+xml,%3Csvg%20xmlns='http://www.w3.org/2000/svg'%20viewBox='0%200%200%200'%3E%3C/svg%3E",Mian's
168,"[{'bank_name': 'hbl', 'uri': 'https://propakistani.pk/tools/bank/hbl/'}]",Enjoy up to 25% off on Mocca with HBL,"data:image/svg+xml,%3Csvg%20xmlns='http://www.w3.org/2000/svg'%20viewBox='0%200%200%200'%3E%3C/svg%3E",Mocca
169,"[{'bank_name': 'bank-alfalah', 'uri': 'https://propakistani.pk/tools/bank/bank-alfalah/'}]",Enjoy up to 20% off at Monsoon with Bank Alfalah,"data:image/svg+xml,%3Csvg%20xmlns='http://www.w3.org/2000/svg'%20viewBox='0%200%200%200'%3E%3C/svg%3E",Monsoon
170,"[{'bank_name': 'faysal-bank', 'uri': 'https://propakistani.pk/tools/bank/faysal-bank/'}]",Enjoy up to 10% off at Morning Side Hotel with Faysal Bank,"data:image/svg+xml,%3Csvg%20xmlns='http://www.w3.org/2000/svg'%20viewBox='0%200%200%200'%3E%3C/svg%3E",Morning Side Hotel
171,"[{'bank_name': 'bank-alfalah', 'uri': 'https://propakistani.pk/tools/bank/bank-alfalah/'}]",Enjoy up to 10% off at Mothercare with Bank Alfalah,"data:image/svg+xml,%3Csvg%20xmlns='http://www.w3.org/2000/svg'%20viewBox='0%200%200%200'%3E%3C/svg%3E",Mothercare
172,"[{'bank_name': 'sc', 'uri': 'https://propakistani.pk/tools/bank/sc/'}]",Enjoy up to 10% off at Motifz with Standard Chartered Bank,"data:image/svg+xml,%3Csvg%20xmlns='http://www.w3.org/2000/svg'%20viewBox='0%200%200%200'%3E%3C/svg%3E",Motifz
173,"[{'bank_name': 'meezan-bank', 'uri': 'https://propakistani.pk/tools/bank/meezan-bank/'}]",Enjoy up to 15% off (Every Friday) at MyGerrys.com with Meezan Bank,"data:image/svg+xml,%3Csvg%20xmlns='http://www.w3.org/2000/svg'%20viewBox='0%200%200%200'%3E%3C/svg%3E",MyGerrys
174,"[{'bank_name': 'faysal-bank', 'uri': 'https://propakistani.pk/tools/bank/faysal-bank/'}, {'bank_name': 'hbl', 'uri': 'https://propakistani.pk/tools/bank/hbl/'}]",Enjoy up to 10% off at Nabila.,"data:image/svg+xml,%3Csvg%20xmlns='http://www.w3.org/2000/svg'%20viewBox='0%200%200%200'%3E%3C/svg%3E",Nabila
175,"[{'bank_name': 'allied-bank', 'uri': 'https://propakistani.pk/tools/bank/allied-bank/'}]",Enjoy up to 20% off at Nadeem Salons with Allied Bank,"data:image/svg+xml,%3Csvg%20xmlns='http://www.w3.org/2000/svg'%20viewBox='0%200%200%200'%3E%3C/svg%3E",Nadeem Salons
176,"[{'bank_name': 'faysal-bank', 'uri': 'https://propakistani.pk/tools/bank/faysal-bank/'}]","Enjoy up to 15% off at Nadia with Faysal Bank (avail discount on amount spend up to PKR 25,000/-)","data:image/svg+xml,%3Csvg%20xmlns='http://www.w3.org/2000/svg'%20viewBox='0%200%200%200'%3E%3C/svg%3E",Nadia
177,"[{'bank_name': 'allied-bank', 'uri': 'https://propakistani.pk/tools/bank/allied-bank/'}]",Enjoy up to 15% off at Nail Hub with Allied Bank,"data:image/svg+xml,%3Csvg%20xmlns='http://www.w3.org/2000/svg'%20viewBox='0%200%200%200'%3E%3C/svg%3E",Nail Hub
178,"[{'bank_name': 'faysal-bank', 'uri': 'https://propakistani.pk/tools/bank/faysal-bank/'}]",Enjoy 1 complimentary starter or dessert on each transaction (minimum transaction amount is Rs. 1500/-) at Nando's with Faysal Bank,"data:image/svg+xml,%3Csvg%20xmlns='http://www.w3.org/2000/svg'%20viewBox='0%200%200%200'%3E%3C/svg%3E",Nando's
179,"[{'bank_name': 'ubl-bank', 'uri': 'https://propakistani.pk/tools/bank/ubl-bank/'}]",Complimentary Dessert or Appetizer on Purchase of PKR 1500/= & Above with UBL.,"data:image/svg+xml,%3Csvg%20xmlns='http://www.w3.org/2000/svg'%20viewBox='0%200%200%200'%3E%3C/svg%3E",Nando’s
180,"[{'bank_name': 'faysal-bank', 'uri': 'https://propakistani.pk/tools/bank/faysal-bank/'}]",Enjoy up to 10% off at Nauratan Rooftop BBQ Restaurant with Faysal Bank,"data:image/svg+xml,%3Csvg%20xmlns='http://www.w3.org/2000/svg'%20viewBox='0%200%200%200'%3E%3C/svg%3E",Nauratan Rooftop BBQ Restaurant
181,"[{'bank_name': 'soneri-bank', 'uri': 'https://propakistani.pk/tools/bank/soneri-bank/'}]",Enjoy up to 10% off at New York Coffee with Soneri Bank,"data:image/svg+xml,%3Csvg%20xmlns='http://www.w3.org/2000/svg'%20viewBox='0%200%200%200'%3E%3C/svg%3E",New York Coffee
182,"[{'bank_name': 'faysal-bank', 'uri': 'https://propakistani.pk/tools/bank/faysal-bank/'}]",Enjoy up to 20% off at New Yorker Pizza with Faysal Bank,"data:image/svg+xml,%3Csvg%20xmlns='http://www.w3.org/2000/svg'%20viewBox='0%200%200%200'%3E%3C/svg%3E",New Yorker Pizza
183,"[{'bank_name': 'hbl', 'uri': 'https://propakistani.pk/tools/bank/hbl/'}]",Enjoy up to 15% off at Next with HBL,"data:image/svg+xml,%3Csvg%20xmlns='http://www.w3.org/2000/svg'%20viewBox='0%200%200%200'%3E%3C/svg%3E",Next
184,"[{'bank_name': 'hbl', 'uri': 'https://propakistani.pk/tools/bank/hbl/'}]",Enjoy up to 25% off at Nike with HBL,"data:image/svg+xml,%3Csvg%20xmlns='http://www.w3.org/2000/svg'%20viewBox='0%200%200%200'%3E%3C/svg%3E",Nike
185,"[{'bank_name': 'bop', 'uri': 'https://propakistani.pk/tools/bank/bop/'}, {'bank_name': 'soneri-bank', 'uri': 'https://propakistani.pk/tools/bank/soneri-bank/'}]",Enjoy up to 15% off at Omnom Burgers & Grill.,"data:image/svg+xml,%3Csvg%20xmlns='http://www.w3.org/2000/svg'%20viewBox='0%200%200%200'%3E%3C/svg%3E",Omnom Burgers & Grill
186,"[{'bank_name': 'faysal-bank', 'uri': 'https://propakistani.pk/tools/bank/faysal-bank/'}]",Enjoy up to 20% off at Opium Thai with Faysal Bank,"data:image/svg+xml,%3Csvg%20xmlns='http://www.w3.org/2000/svg'%20viewBox='0%200%200%200'%3E%3C/svg%3E",Opium Thai
187,"[{'bank_name': 'allied-bank', 'uri': 'https://propakistani.pk/tools/bank/allied-bank/'}]",Enjoy up to 15% off at Optica with Allied Bank,"data:image/svg+xml,%3Csvg%20xmlns='http://www.w3.org/2000/svg'%20viewBox='0%200%200%200'%3E%3C/svg%3E",Optica
188,"[{'bank_name': 'sc', 'uri': 'https://propakistani.pk/tools/bank/sc/'}]",Enjoy up to 30% off at Options with Standard Chartered Bank,"data:image/svg+xml,%3Csvg%20xmlns='http://www.w3.org/2000/svg'%20viewBox='0%200%200%200'%3E%3C/svg%3E",Options
189,"[{'bank_name': 'allied-bank', 'uri': 'https://propakistani.pk/tools/bank/allied-bank/'}, {'bank_name': 'sc', 'uri': 'https://propakistani.pk/tools/bank/sc/'}, {'bank_name': 'ubl-bank', 'uri': 'https://propakistani.pk/tools/bank/ubl-bank/'}]",Enjoy up to 15% off at Options Bakery & Sweets.,"data:image/svg+xml,%3Csvg%20xmlns='http://www.w3.org/2000/svg'%20viewBox='0%200%200%200'%3E%3C/svg%3E",Options Bakery & Sweets
190,"[{'bank_name': 'ubl-bank', 'uri': 'https://propakistani.pk/tools/bank/ubl-bank/'}]",Enjoy up to 15% off on Options Coffee with UBL,"data:image/svg+xml,%3Csvg%20xmlns='http://www.w3.org/2000/svg'%20viewBox='0%200%200%200'%3E%3C/svg%3E",Options Coffee
191,"[{'bank_name': 'ubl-bank', 'uri': 'https://propakistani.pk/tools/bank/ubl-bank/'}]",Enjoy up to 15% off on Options Restaurant with UBL,"data:image/svg+xml,%3Csvg%20xmlns='http://www.w3.org/2000/svg'%20viewBox='0%200%200%200'%3E%3C/svg%3E",Options Restaurant
192,"[{'bank_name': 'allied-bank', 'uri': 'https://propakistani.pk/tools/bank/allied-bank/'}, {'bank_name': 'faysal-bank', 'uri': 'https://propakistani.pk/tools/bank/faysal-bank/'}, {'bank_name': 'sc', 'uri': 'https://propakistani.pk/tools/bank/sc/'}]",Enjoy up to 15% off at Options,"data:image/svg+xml,%3Csvg%20xmlns='http://www.w3.org/2000/svg'%20viewBox='0%200%200%200'%3E%3C/svg%3E",Options Resturant
193,"[{'bank_name': 'bop', 'uri': 'https://propakistani.pk/tools/bank/bop/'}]",Enjoy up to 10% off on Opulence bakery with BOP.,"data:image/svg+xml,%3Csvg%20xmlns='http://www.w3.org/2000/svg'%20viewBox='0%200%200%200'%3E%3C/svg%3E",Opulence bakery
194,"[{'bank_name': 'allied-bank', 'uri': 'https://propakistani.pk/tools/bank/allied-bank/'}]",Enjoy up to 15% off at Orange with Allied Bank,"data:image/svg+xml,%3Csvg%20xmlns='http://www.w3.org/2000/svg'%20viewBox='0%200%200%200'%3E%3C/svg%3E",Orange
195,"[{'bank_name': 'hbl', 'uri': 'https://propakistani.pk/tools/bank/hbl/'}, {'bank_name': 'js', 'uri': 'https://propakistani.pk/tools/bank/js/'}, {'bank_name': 'ubl-bank', 'uri': 'https://propakistani.pk/tools/bank/ubl-bank/'}]",Enjoy up to 20% off at Pancake Lounge.,"data:image/svg+xml,%3Csvg%20xmlns='http://www.w3.org/2000/svg'%20viewBox='0%200%200%200'%3E%3C/svg%3E",Pancake Lounge
196,"[{'bank_name': 'faysal-bank', 'uri': 'https://propakistani.pk/tools/bank/faysal-bank/'}]",Enjoy up to 20% off at Pankheri with Faysal Bank,"data:image/svg+xml,%3Csvg%20xmlns='http://www.w3.org/2000/svg'%20viewBox='0%200%200%200'%3E%3C/svg%3E",Pankheri
197,"[{'bank_name': 'faysal-bank', 'uri': 'https://propakistani.pk/tools/bank/faysal-bank/'}]",Enjoy up to 10% off at Paper Clip with Faysal Bank,"data:image/svg+xml,%3Csvg%20xmlns='http://www.w3.org/2000/svg'%20viewBox='0%200%200%200'%3E%3C/svg%3E",Paper Clip
198,"[{'bank_name': 'allied-bank', 'uri': 'https://propakistani.pk/tools/bank/allied-bank/'}, {'bank_name': 'faysal-bank', 'uri': 'https://propakistani.pk/tools/bank/faysal-bank/'}]",Enjoy up to 40% off (on room rack) at Park Lane Hotel,"data:image/svg+xml,%3Csvg%20xmlns='http://www.w3.org/2000/svg'%20viewBox='0%200%200%200'%3E%3C/svg%3E",Park Lane Hotel
199,"[{'bank_name': 'faysal-bank', 'uri': 'https://propakistani.pk/tools/bank/faysal-bank/'}, {'bank_name': 'ubl-bank', 'uri': 'https://propakistani.pk/tools/bank/ubl-bank/'}]",Enjoy up to 20% off at Pastry Shop.,"data:image/svg+xml,%3Csvg%20xmlns='http://www.w3.org/2000/svg'%20viewBox='0%200%200%200'%3E%3C/svg%3E",Pastry Shop
200,"[{'bank_name': 'faysal-bank', 'uri': 'https://propakistani.pk/tools/bank/faysal-bank/'}]","Enjoy up to 15% off at PC & Marriott Restaurants with Faysal Bank (avail discount on amount spend up to PKR 25,000/-)","data:image/svg+xml,%3Csvg%20xmlns='http://www.w3.org/2000/svg'%20viewBox='0%200%200%200'%3E%3C/svg%3E",PC & Marriott Restaurants
201,"[{'bank_name': 'hbl', 'uri': 'https://propakistani.pk/tools/bank/hbl/'}, {'bank_name': 'sc', 'uri': 'https://propakistani.pk/tools/bank/sc/'}]",Enjoy up to 25% off on Pedro,"data:image/svg+xml,%3Csvg%20xmlns='http://www.w3.org/2000/svg'%20viewBox='0%200%200%200'%3E%3C/svg%3E",Pedro
202,"[{'bank_name': 'sc', 'uri': 'https://propakistani.pk/tools/bank/sc/'}, {'bank_name': 'ubl-bank', 'uri': 'https://propakistani.pk/tools/bank/ubl-bank/'}]",Enjoy up to 15% off at Peri Peri Original.,"data:image/svg+xml,%3Csvg%20xmlns='http://www.w3.org/2000/svg'%20viewBox='0%200%200%200'%3E%3C/svg%3E",Peri Peri Original
203,"[{'bank_name': 'hbl', 'uri': 'https://propakistani.pk/tools/bank/hbl/'}, {'bank_name': 'ubl-bank', 'uri': 'https://propakistani.pk/tools/bank/ubl-bank/'}]",Enjoy up to 25% off at Pizza Hut.,"data:image/svg+xml,%3Csvg%20xmlns='http://www.w3.org/2000/svg'%20viewBox='0%200%200%200'%3E%3C/svg%3E",Pizza Hut
204,"[{'bank_name': 'hbl', 'uri': 'https://propakistani.pk/tools/bank/hbl/'}, {'bank_name': 'soneri-bank', 'uri': 'https://propakistani.pk/tools/bank/soneri-bank/'}]",Enjoy up to 20% off at Pizza Max,"data:image/svg+xml,%3Csvg%20xmlns='http://www.w3.org/2000/svg'%20viewBox='0%200%200%200'%3E%3C/svg%3E",Pizza Max
205,"[{'bank_name': 'hbl', 'uri': 'https://propakistani.pk/tools/bank/hbl/'}]",Enjoy up to 20% off on Pompei with HBL,"data:image/svg+xml,%3Csvg%20xmlns='http://www.w3.org/2000/svg'%20viewBox='0%200%200%200'%3E%3C/svg%3E",Pompei
206,"[{'bank_name': 'faysal-bank', 'uri': 'https://propakistani.pk/tools/bank/faysal-bank/'}]",Enjoy up to 15% off at Puma (AA International) with Faysal Bank,"data:image/svg+xml,%3Csvg%20xmlns='http://www.w3.org/2000/svg'%20viewBox='0%200%200%200'%3E%3C/svg%3E",Puma (AA International)
207,"[{'bank_name': 'faysal-bank', 'uri': 'https://propakistani.pk/tools/bank/faysal-bank/'}, {'bank_name': 'hbl', 'uri': 'https://propakistani.pk/tools/bank/hbl/'}]",Enjoy up to 20% off (only on international packages excluding tickets-minimum 5 person) at Quality Aviation.,"data:image/svg+xml,%3Csvg%20xmlns='http://www.w3.org/2000/svg'%20viewBox='0%200%200%200'%3E%3C/svg%3E",Quality Aviation
208,"[{'bank_name': 'js', 'uri': 'https://propakistani.pk/tools/bank/js/'}]",Enjoy up to 20% off at Quiznos with JS Bank,"data:image/svg+xml,%3Csvg%20xmlns='http://www.w3.org/2000/svg'%20viewBox='0%200%200%200'%3E%3C/svg%3E",Quiznos
209,"[{'bank_name': 'hbl', 'uri': 'https://propakistani.pk/tools/bank/hbl/'}]",Enjoy up to 15% off on Rahman & Rahman Dental Clinics with HBL,"data:image/svg+xml,%3Csvg%20xmlns='http://www.w3.org/2000/svg'%20viewBox='0%200%200%200'%3E%3C/svg%3E",Rahman & Rahman Dental Clinics
210,"[{'bank_name': 'ubl-bank', 'uri': 'https://propakistani.pk/tools/bank/ubl-bank/'}]",Enjoy up to 25% off 20% on Movie tickets and Snacks on all UBL cards.,"data:image/svg+xml,%3Csvg%20xmlns='http://www.w3.org/2000/svg'%20viewBox='0%200%200%200'%3E%3C/svg%3E",Raiha Cinegold Plex Cinema & The Arena Cinema
211,"[{'bank_name': 'hbl', 'uri': 'https://propakistani.pk/tools/bank/hbl/'}]",Enjoy up to 15% off on Rangoli with HBL,"data:image/svg+xml,%3Csvg%20xmlns='http://www.w3.org/2000/svg'%20viewBox='0%200%200%200'%3E%3C/svg%3E",Rangoli
212,"[{'bank_name': 'faysal-bank', 'uri': 'https://propakistani.pk/tools/bank/faysal-bank/'}, {'bank_name': 'sc', 'uri': 'https://propakistani.pk/tools/bank/sc/'}, {'bank_name': 'ubl-bank', 'uri': 'https://propakistani.pk/tools/bank/ubl-bank/'}]",Enjoy up to 20% off at Red Lotus.,"data:image/svg+xml,%3Csvg%20xmlns='http://www.w3.org/2000/svg'%20viewBox='0%200%200%200'%3E%3C/svg%3E",Red Lotus
213,"[{'bank_name': 'bank-alfalah', 'uri': 'https://propakistani.pk/tools/bank/bank-alfalah/'}]",Enjoy complimentary dessert on every Rs.1200 spent at Rina's Kitchenette with Bank Alfalah,"data:image/svg+xml,%3Csvg%20xmlns='http://www.w3.org/2000/svg'%20viewBox='0%200%200%200'%3E%3C/svg%3E",Rina's Kitchenette
214,"[{'bank_name': 'mcb', 'uri': 'https://propakistani.pk/tools/bank/mcb/'}]",Enjoy up to 25% off at Rivoli with MCB,"data:image/svg+xml,%3Csvg%20xmlns='http://www.w3.org/2000/svg'%20viewBox='0%200%200%200'%3E%3C/svg%3E",Rivoli
215,"[{'bank_name': 'faysal-bank', 'uri': 'https://propakistani.pk/tools/bank/faysal-bank/'}]",Enjoy up to 15% off at Rivoli Couture with Faysal Bank,"data:image/svg+xml,%3Csvg%20xmlns='http://www.w3.org/2000/svg'%20viewBox='0%200%200%200'%3E%3C/svg%3E",Rivoli Couture
216,"[{'bank_name': 'faysal-bank', 'uri': 'https://propakistani.pk/tools/bank/faysal-bank/'}]","Enjoy up to 15% off at Roasters with Faysal Bank (avail discount on amount spend up to PKR 10,000/-)","data:image/svg+xml,%3Csvg%20xmlns='http://www.w3.org/2000/svg'%20viewBox='0%200%200%200'%3E%3C/svg%3E",Roasters
217,"[{'bank_name': 'faysal-bank', 'uri': 'https://propakistani.pk/tools/bank/faysal-bank/'}]","Enjoy up to 15% off at Royal Elephant with Faysal Bank (avail discount on amount spend up to PKR 25,000/-)","data:image/svg+xml,%3Csvg%20xmlns='http://www.w3.org/2000/svg'%20viewBox='0%200%200%200'%3E%3C/svg%3E",Royal Elephant
218,"[{'bank_name': 'faysal-bank', 'uri': 'https://propakistani.pk/tools/bank/faysal-bank/'}]",Enjoy up to 15% off at Sabs Salon with Faysal Bank,"data:image/svg+xml,%3Csvg%20xmlns='http://www.w3.org/2000/svg'%20viewBox='0%200%200%200'%3E%3C/svg%3E",Sabs Salon
219,"[{'bank_name': 'sc', 'uri': 'https://propakistani.pk/tools/bank/sc/'}]",Enjoy up to 20% off at Sadaf International with Standard Chartered Bank,"data:image/svg+xml,%3Csvg%20xmlns='http://www.w3.org/2000/svg'%20viewBox='0%200%200%200'%3E%3C/svg%3E",Sadaf International
220,"[{'bank_name': 'faysal-bank', 'uri': 'https://propakistani.pk/tools/bank/faysal-bank/'}]","Enjoy up to 15% off at Sakura with Faysal Bank (avail discount on amount spend up to PKR 25,000/-)","data:image/svg+xml,%3Csvg%20xmlns='http://www.w3.org/2000/svg'%20viewBox='0%200%200%200'%3E%3C/svg%3E",Sakura
221,"[{'bank_name': 'hbl', 'uri': 'https://propakistani.pk/tools/bank/hbl/'}]",Enjoy up to 15% off on Salt n Pepper Restaurant with HBL,"data:image/svg+xml,%3Csvg%20xmlns='http://www.w3.org/2000/svg'%20viewBox='0%200%200%200'%3E%3C/svg%3E",Salt n Pepper Restaurant
222,"[{'bank_name': 'faysal-bank', 'uri': 'https://propakistani.pk/tools/bank/faysal-bank/'}]",Enjoy up to 10% off (Only on selected outlets) at Samsonite with Faysal Bank,"data:image/svg+xml,%3Csvg%20xmlns='http://www.w3.org/2000/svg'%20viewBox='0%200%200%200'%3E%3C/svg%3E",Samsonite
223,"[{'bank_name': 'faysal-bank', 'uri': 'https://propakistani.pk/tools/bank/faysal-bank/'}]",Enjoy up to 5% off on hotel booking (international & domestic both) at Sastaticket.pk with Faysal Bank,"data:image/svg+xml,%3Csvg%20xmlns='http://www.w3.org/2000/svg'%20viewBox='0%200%200%200'%3E%3C/svg%3E",Sastaticket.pk
224,"[{'bank_name': 'hbl', 'uri': 'https://propakistani.pk/tools/bank/hbl/'}]",Enjoy up to 10% off at Scentsation with HBL,"data:image/svg+xml,%3Csvg%20xmlns='http://www.w3.org/2000/svg'%20viewBox='0%200%200%200'%3E%3C/svg%3E",Scentsation
225,"[{'bank_name': 'faysal-bank', 'uri': 'https://propakistani.pk/tools/bank/faysal-bank/'}]","Enjoy up to 15% off at Sea Front with Faysal Bank (avail discount on amount spend up to PKR 30,000/-)","data:image/svg+xml,%3Csvg%20xmlns='http://www.w3.org/2000/svg'%20viewBox='0%200%200%200'%3E%3C/svg%3E",Sea Front
226,"[{'bank_name': 'faysal-bank', 'uri': 'https://propakistani.pk/tools/bank/faysal-bank/'}]",Enjoy up to 20% off at Sentiment The Gift Shop with Faysal Bank,"data:image/svg+xml,%3Csvg%20xmlns='http://www.w3.org/2000/svg'%20viewBox='0%200%200%200'%3E%3C/svg%3E",Sentiment The Gift Shop
227,"[{'bank_name': 'allied-bank', 'uri': 'https://propakistani.pk/tools/bank/allied-bank/'}]",Enjoy up to 10% off at SereneAir with Allied Bank,"data:image/svg+xml,%3Csvg%20xmlns='http://www.w3.org/2000/svg'%20viewBox='0%200%200%200'%3E%3C/svg%3E",SereneAir
228,"[{'bank_name': 'faysal-bank', 'uri': 'https://propakistani.pk/tools/bank/faysal-bank/'}]",Enjoy up to 9% off at Shaheen Air International with Faysal Bank (discount-only through Shaheen Air International website),"data:image/svg+xml,%3Csvg%20xmlns='http://www.w3.org/2000/svg'%20viewBox='0%200%200%200'%3E%3C/svg%3E",Shaheen Air International
229,"[{'bank_name': 'faysal-bank', 'uri': 'https://propakistani.pk/tools/bank/faysal-bank/'}]",Enjoy up to 20% off at Shanghai Bistro with Faysal Bank,"data:image/svg+xml,%3Csvg%20xmlns='http://www.w3.org/2000/svg'%20viewBox='0%200%200%200'%3E%3C/svg%3E",Shanghai Bistro
230,"[{'bank_name': 'bank-alfalah', 'uri': 'https://propakistani.pk/tools/bank/bank-alfalah/'}]",Enjoy up to 12 free visits at Shapes with Bank Alfalah,"data:image/svg+xml,%3Csvg%20xmlns='http://www.w3.org/2000/svg'%20viewBox='0%200%200%200'%3E%3C/svg%3E",Shapes
231,"[{'bank_name': 'faysal-bank', 'uri': 'https://propakistani.pk/tools/bank/faysal-bank/'}]",Enjoy up to 15% off at Silk Skin with Faysal Bank,"data:image/svg+xml,%3Csvg%20xmlns='http://www.w3.org/2000/svg'%20viewBox='0%200%200%200'%3E%3C/svg%3E",Silk Skin
232,"[{'bank_name': 'allied-bank', 'uri': 'https://propakistani.pk/tools/bank/allied-bank/'}]",Enjoy up to 15% off at Simply Sufi with Allied Bank,"data:image/svg+xml,%3Csvg%20xmlns='http://www.w3.org/2000/svg'%20viewBox='0%200%200%200'%3E%3C/svg%3E",Simply Sufi
233,"[{'bank_name': 'ubl-bank', 'uri': 'https://propakistani.pk/tools/bank/ubl-bank/'}]",Enjoy up to 25% off on Sind Lab with UBL.,"data:image/svg+xml,%3Csvg%20xmlns='http://www.w3.org/2000/svg'%20viewBox='0%200%200%200'%3E%3C/svg%3E",Sind Lab
234,"[{'bank_name': 'hbl', 'uri': 'https://propakistani.pk/tools/bank/hbl/'}]",Enjoy up to 20% off on Sindbad Wonderland with HBL,"data:image/svg+xml,%3Csvg%20xmlns='http://www.w3.org/2000/svg'%20viewBox='0%200%200%200'%3E%3C/svg%3E",Sindbad Wonderland
235,"[{'bank_name': 'faysal-bank', 'uri': 'https://propakistani.pk/tools/bank/faysal-bank/'}]","Enjoy up to 15% off at Sky BBQ with Faysal Bank (avail discount on amount spend up to PKR 30,000/-)","data:image/svg+xml,%3Csvg%20xmlns='http://www.w3.org/2000/svg'%20viewBox='0%200%200%200'%3E%3C/svg%3E",Sky BBQ & Pizza
236,"[{'bank_name': 'faysal-bank', 'uri': 'https://propakistani.pk/tools/bank/faysal-bank/'}]",Enjoy up to 20% off (on Spanish Boots products) at Spanish Boots with Faysal Bank,"data:image/svg+xml,%3Csvg%20xmlns='http://www.w3.org/2000/svg'%20viewBox='0%200%200%200'%3E%3C/svg%3E",Spanish Boots
237,"[{'bank_name': 'hbl', 'uri': 'https://propakistani.pk/tools/bank/hbl/'}]",Enjoy up to 25% off on Speed Sports with HBL,"data:image/svg+xml,%3Csvg%20xmlns='http://www.w3.org/2000/svg'%20viewBox='0%200%200%200'%3E%3C/svg%3E",Speed Sports
238,"[{'bank_name': 'hbl', 'uri': 'https://propakistani.pk/tools/bank/hbl/'}]",Enjoy up to 20% off on Splash with HBL,"data:image/svg+xml,%3Csvg%20xmlns='http://www.w3.org/2000/svg'%20viewBox='0%200%200%200'%3E%3C/svg%3E",Splash
239,"[{'bank_name': 'hbl', 'uri': 'https://propakistani.pk/tools/bank/hbl/'}, {'bank_name': 'ubl-bank', 'uri': 'https://propakistani.pk/tools/bank/ubl-bank/'}]",Enjoy up to 15% off on Stiletto Shoes.,"data:image/svg+xml,%3Csvg%20xmlns='http://www.w3.org/2000/svg'%20viewBox='0%200%200%200'%3E%3C/svg%3E",Stiletto Shoes
240,"[{'bank_name': 'faysal-bank', 'uri': 'https://propakistani.pk/tools/bank/faysal-bank/'}, {'bank_name': 'hbl', 'uri': 'https://propakistani.pk/tools/bank/hbl/'}]",Enjoy up to 15% off at Stoneage,"data:image/svg+xml,%3Csvg%20xmlns='http://www.w3.org/2000/svg'%20viewBox='0%200%200%200'%3E%3C/svg%3E",STONEAGE
241,"[{'bank_name': 'hbl', 'uri': 'https://propakistani.pk/tools/bank/hbl/'}]",Enjoy up to 30% off on Structure Health & Fitness with HBL,"data:image/svg+xml,%3Csvg%20xmlns='http://www.w3.org/2000/svg'%20viewBox='0%200%200%200'%3E%3C/svg%3E",Structure Health & Fitness
242,"[{'bank_name': 'faysal-bank', 'uri': 'https://propakistani.pk/tools/bank/faysal-bank/'}]",Enjoy up to 20% off at Style & Comfort with Faysal Bank,"data:image/svg+xml,%3Csvg%20xmlns='http://www.w3.org/2000/svg'%20viewBox='0%200%200%200'%3E%3C/svg%3E",Style & Comfort
243,"[{'bank_name': 'faysal-bank', 'uri': 'https://propakistani.pk/tools/bank/faysal-bank/'}]",Enjoy up to 10% off at Style Walk with Faysal Bank,"data:image/svg+xml,%3Csvg%20xmlns='http://www.w3.org/2000/svg'%20viewBox='0%200%200%200'%3E%3C/svg%3E",Style Walk
244,"[{'bank_name': 'bank-alfalah', 'uri': 'https://propakistani.pk/tools/bank/bank-alfalah/'}]",Enjoy up to 15% off at Enjoy up to 10% off at Burger King with Bank Alfalah with Bank Alfalah,"data:image/svg+xml,%3Csvg%20xmlns='http://www.w3.org/2000/svg'%20viewBox='0%200%200%200'%3E%3C/svg%3E",Sumo
245,"[{'bank_name': 'faysal-bank', 'uri': 'https://propakistani.pk/tools/bank/faysal-bank/'}]","Enjoy up to 15% off at Suzie Wong with Faysal Bank (avail discount on amount spend up to PKR 25,000/-)","data:image/svg+xml,%3Csvg%20xmlns='http://www.w3.org/2000/svg'%20viewBox='0%200%200%200'%3E%3C/svg%3E",Suzie Wong
246,"[{'bank_name': 'hbl', 'uri': 'https://propakistani.pk/tools/bank/hbl/'}]",Enjoy up to 10% off on Swatch with HBL,"data:image/svg+xml,%3Csvg%20xmlns='http://www.w3.org/2000/svg'%20viewBox='0%200%200%200'%3E%3C/svg%3E",Swatch
247,"[{'bank_name': 'bank-alfalah', 'uri': 'https://propakistani.pk/tools/bank/bank-alfalah/'}]",Enjoy up to 15% off at Sweet Affairs with Bank Alfalah,"data:image/svg+xml,%3Csvg%20xmlns='http://www.w3.org/2000/svg'%20viewBox='0%200%200%200'%3E%3C/svg%3E",Sweet Affairs
248,"[{'bank_name': 'hbl', 'uri': 'https://propakistani.pk/tools/bank/hbl/'}]",Enjoy up to 25% off on Tag Heuer with HBL,"data:image/svg+xml,%3Csvg%20xmlns='http://www.w3.org/2000/svg'%20viewBox='0%200%200%200'%3E%3C/svg%3E",Tag Heuer
249,"[{'bank_name': 'faysal-bank', 'uri': 'https://propakistani.pk/tools/bank/faysal-bank/'}]","Enjoy up to 15% off at Tai-Pan with Faysal Bank (avail discount on amount spend up to PKR 25,000/-)","data:image/svg+xml,%3Csvg%20xmlns='http://www.w3.org/2000/svg'%20viewBox='0%200%200%200'%3E%3C/svg%3E",Tai-Pan
250,"[{'bank_name': 'allied-bank', 'uri': 'https://propakistani.pk/tools/bank/allied-bank/'}]",Enjoy up to 15% off at Taipei Restaurant with Allied Bank,"data:image/svg+xml,%3Csvg%20xmlns='http://www.w3.org/2000/svg'%20viewBox='0%200%200%200'%3E%3C/svg%3E",Taipei Restaurant
251,"[{'bank_name': 'faysal-bank', 'uri': 'https://propakistani.pk/tools/bank/faysal-bank/'}]","Enjoy up to 15% off at Terrace Cafe with Faysal Bank (avail discount on amount spend up to PKR 25,000/-)","data:image/svg+xml,%3Csvg%20xmlns='http://www.w3.org/2000/svg'%20viewBox='0%200%200%200'%3E%3C/svg%3E",Terrace Cafe
252,"[{'bank_name': 'faysal-bank', 'uri': 'https://propakistani.pk/tools/bank/faysal-bank/'}]",Enjoy up to 15% off at Textillion with Faysal Bank,"data:image/svg+xml,%3Csvg%20xmlns='http://www.w3.org/2000/svg'%20viewBox='0%200%200%200'%3E%3C/svg%3E",Textillion
253,"[{'bank_name': 'faysal-bank', 'uri': 'https://propakistani.pk/tools/bank/faysal-bank/'}]",Enjoy up to 10% off at TGS-The Global Store with Faysal Bank (Discount not available on grocery items),"data:image/svg+xml,%3Csvg%20xmlns='http://www.w3.org/2000/svg'%20viewBox='0%200%200%200'%3E%3C/svg%3E",TGS-The Global Store
254,"[{'bank_name': 'ubl-bank', 'uri': 'https://propakistani.pk/tools/bank/ubl-bank/'}]",Enjoy up to 15% off on The Brasserie with UBL,"data:image/svg+xml,%3Csvg%20xmlns='http://www.w3.org/2000/svg'%20viewBox='0%200%200%200'%3E%3C/svg%3E",The Brasserie
255,"[{'bank_name': 'allied-bank', 'uri': 'https://propakistani.pk/tools/bank/allied-bank/'}]",Enjoy up to 15% off at The Chocolate Room with Allied Bank,"data:image/svg+xml,%3Csvg%20xmlns='http://www.w3.org/2000/svg'%20viewBox='0%200%200%200'%3E%3C/svg%3E",The Chocolate Room
256,"[{'bank_name': 'allied-bank', 'uri': 'https://propakistani.pk/tools/bank/allied-bank/'}]",Enjoy up to 15% off at The Coffee Bean 15% with Allied Bank,"data:image/svg+xml,%3Csvg%20xmlns='http://www.w3.org/2000/svg'%20viewBox='0%200%200%200'%3E%3C/svg%3E",The Coffee Bean
257,"[{'bank_name': 'ubl-bank', 'uri': 'https://propakistani.pk/tools/bank/ubl-bank/'}]",Enjoy up to 20% off on The Coffee Lounge with UBL.,"data:image/svg+xml,%3Csvg%20xmlns='http://www.w3.org/2000/svg'%20viewBox='0%200%200%200'%3E%3C/svg%3E",The Coffee Lounge
258,"[{'bank_name': 'faysal-bank', 'uri': 'https://propakistani.pk/tools/bank/faysal-bank/'}]",Enjoy up to 25% off at The Raymond Shop with Faysal Bank,"data:image/svg+xml,%3Csvg%20xmlns='http://www.w3.org/2000/svg'%20viewBox='0%200%200%200'%3E%3C/svg%3E",The Raymond Shop
259,"[{'bank_name': 'faysal-bank', 'uri': 'https://propakistani.pk/tools/bank/faysal-bank/'}]",Enjoy up to 40% off (on room rack) at The Spot with Faysal Bank,"data:image/svg+xml,%3Csvg%20xmlns='http://www.w3.org/2000/svg'%20viewBox='0%200%200%200'%3E%3C/svg%3E",The Spot
260,"[{'bank_name': 'faysal-bank', 'uri': 'https://propakistani.pk/tools/bank/faysal-bank/'}]","Enjoy up to 15% off at The Tollington with Faysal Bank (avail discount on amount spend up to PKR 30,000/-)","data:image/svg+xml,%3Csvg%20xmlns='http://www.w3.org/2000/svg'%20viewBox='0%200%200%200'%3E%3C/svg%3E",The Tollington
261,"[{'bank_name': 'faysal-bank', 'uri': 'https://propakistani.pk/tools/bank/faysal-bank/'}]",Enjoy up to 20% off at The Toy Shop with Faysal Bank,"data:image/svg+xml,%3Csvg%20xmlns='http://www.w3.org/2000/svg'%20viewBox='0%200%200%200'%3E%3C/svg%3E",The Toy Shop
262,"[{'bank_name': 'faysal-bank', 'uri': 'https://propakistani.pk/tools/bank/faysal-bank/'}]",Enjoy up to 10% off at The Toyz Planet with Faysal Bank,"data:image/svg+xml,%3Csvg%20xmlns='http://www.w3.org/2000/svg'%20viewBox='0%200%200%200'%3E%3C/svg%3E",The Toyz Planet
263,"[{'bank_name': 'hbl', 'uri': 'https://propakistani.pk/tools/bank/hbl/'}, {'bank_name': 'meezan-bank', 'uri': 'https://propakistani.pk/tools/bank/meezan-bank/'}]",Enjoy up to 20% off on Thredz,"data:image/svg+xml,%3Csvg%20xmlns='http://www.w3.org/2000/svg'%20viewBox='0%200%200%200'%3E%3C/svg%3E",Thredz
264,"[{'bank_name': 'allied-bank', 'uri': 'https://propakistani.pk/tools/bank/allied-bank/'}]",Enjoy up to 15% off at Thrill Galaxy with Allied Bank,"data:image/svg+xml,%3Csvg%20xmlns='http://www.w3.org/2000/svg'%20viewBox='0%200%200%200'%3E%3C/svg%3E",Thrill Galaxy
265,"[{'bank_name': 'allied-bank', 'uri': 'https://propakistani.pk/tools/bank/allied-bank/'}]",Enjoy up to 10% off at Time & Taste Restaurant with Allied Bank,"data:image/svg+xml,%3Csvg%20xmlns='http://www.w3.org/2000/svg'%20viewBox='0%200%200%200'%3E%3C/svg%3E",Time & Taste Restaurant
266,"[{'bank_name': 'faysal-bank', 'uri': 'https://propakistani.pk/tools/bank/faysal-bank/'}]",Enjoy up to 35% off (on rack rates & on selected brands) at Time Box with Faysal Bank,"data:image/svg+xml,%3Csvg%20xmlns='http://www.w3.org/2000/svg'%20viewBox='0%200%200%200'%3E%3C/svg%3E",Time Box
267,"[{'bank_name': 'hbl', 'uri': 'https://propakistani.pk/tools/bank/hbl/'}]",Enjoy up to 25% off on Timex with HBL,"data:image/svg+xml,%3Csvg%20xmlns='http://www.w3.org/2000/svg'%20viewBox='0%200%200%200'%3E%3C/svg%3E",Timex
268,"[{'bank_name': 'soneri-bank', 'uri': 'https://propakistani.pk/tools/bank/soneri-bank/'}]",Enjoy up to 15% off at Timmy's with Soneri Bank,"data:image/svg+xml,%3Csvg%20xmlns='http://www.w3.org/2000/svg'%20viewBox='0%200%200%200'%3E%3C/svg%3E",Timmy's
269,"[{'bank_name': 'ubl-bank', 'uri': 'https://propakistani.pk/tools/bank/ubl-bank/'}]",Enjoy up to 20% off on Tohfay.com,"data:image/svg+xml,%3Csvg%20xmlns='http://www.w3.org/2000/svg'%20viewBox='0%200%200%200'%3E%3C/svg%3E",Tohfay.com
270,"[{'bank_name': 'js', 'uri': 'https://propakistani.pk/tools/bank/js/'}]",Enjoy up to 20% off at Unicorn Gallery with JS Bank,"data:image/svg+xml,%3Csvg%20xmlns='http://www.w3.org/2000/svg'%20viewBox='0%200%200%200'%3E%3C/svg%3E",Unicorn Gallery
271,"[{'bank_name': 'mcb', 'uri': 'https://propakistani.pk/tools/bank/mcb/'}]",Enjoy up to 10% off at Universal Cinema with MCB,"data:image/svg+xml,%3Csvg%20xmlns='http://www.w3.org/2000/svg'%20viewBox='0%200%200%200'%3E%3C/svg%3E",Universal Cinema
272,"[{'bank_name': 'ubl-bank', 'uri': 'https://propakistani.pk/tools/bank/ubl-bank/'}]",Enjoy up to 25% off on Unze London with UBL.,"data:image/svg+xml,%3Csvg%20xmlns='http://www.w3.org/2000/svg'%20viewBox='0%200%200%200'%3E%3C/svg%3E",Unze London
273,"[{'bank_name': 'bank-alfalah', 'uri': 'https://propakistani.pk/tools/bank/bank-alfalah/'}, {'bank_name': 'faysal-bank', 'uri': 'https://propakistani.pk/tools/bank/faysal-bank/'}]",Enjoy up to 20% off at Veranda Bistro,"data:image/svg+xml,%3Csvg%20xmlns='http://www.w3.org/2000/svg'%20viewBox='0%200%200%200'%3E%3C/svg%3E",Veranda Bistro
274,"[{'bank_name': 'faysal-bank', 'uri': 'https://propakistani.pk/tools/bank/faysal-bank/'}]",Enjoy up to 10% off at Walkeaze with Faysal Bank,"data:image/svg+xml,%3Csvg%20xmlns='http://www.w3.org/2000/svg'%20viewBox='0%200%200%200'%3E%3C/svg%3E",Walkeaze
275,"[{'bank_name': 'allied-bank', 'uri': 'https://propakistani.pk/tools/bank/allied-bank/'}]",Enjoy up to 15% off at Wasim Badami with Allied Bank,"data:image/svg+xml,%3Csvg%20xmlns='http://www.w3.org/2000/svg'%20viewBox='0%200%200%200'%3E%3C/svg%3E",Wasim Badami
276,"[{'bank_name': 'soneri-bank', 'uri': 'https://propakistani.pk/tools/bank/soneri-bank/'}]",Enjoy up to 15% off at WB Stores with Soneri Bank,"data:image/svg+xml,%3Csvg%20xmlns='http://www.w3.org/2000/svg'%20viewBox='0%200%200%200'%3E%3C/svg%3E",WB Stores
277,"[{'bank_name': 'allied-bank', 'uri': 'https://propakistani.pk/tools/bank/allied-bank/'}]",Enjoy up to 10% off at White with Allied Bank,"data:image/svg+xml,%3Csvg%20xmlns='http://www.w3.org/2000/svg'%20viewBox='0%200%200%200'%3E%3C/svg%3E",White
278,"[{'bank_name': 'bop', 'uri': 'https://propakistani.pk/tools/bank/bop/'}]",Enjoy up to 15% off on Xiwang Restaurant with BOP.,"data:image/svg+xml,%3Csvg%20xmlns='http://www.w3.org/2000/svg'%20viewBox='0%200%200%200'%3E%3C/svg%3E",Xiwang Restaurant
279,"[{'bank_name': 'meezan-bank', 'uri': 'https://propakistani.pk/tools/bank/meezan-bank/'}]",Enjoy up to 15% off (Every Friday) at Yayvo.com with Meezan Bank,"data:image/svg+xml,%3Csvg%20xmlns='http://www.w3.org/2000/svg'%20viewBox='0%200%200%200'%3E%3C/svg%3E",Yayvo
280,"[{'bank_name': 'faysal-bank', 'uri': 'https://propakistani.pk/tools/bank/faysal-bank/'}, {'bank_name': 'hbl', 'uri': 'https://propakistani.pk/tools/bank/hbl/'}, {'bank_name': 'ubl-bank', 'uri': 'https://propakistani.pk/tools/bank/ubl-bank/'}]",Enjoy up to 15% off on Yellow.,"data:image/svg+xml,%3Csvg%20xmlns='http://www.w3.org/2000/svg'%20viewBox='0%200%200%200'%3E%3C/svg%3E",Yellow
281,"[{'bank_name': 'faysal-bank', 'uri': 'https://propakistani.pk/tools/bank/faysal-bank/'}]",Enjoy up to 20% off at Zeitgeist with Faysal Bank,"data:image/svg+xml,%3Csvg%20xmlns='http://www.w3.org/2000/svg'%20viewBox='0%200%200%200'%3E%3C/svg%3E",Zeitgeist
282,"[{'bank_name': 'hbl', 'uri': 'https://propakistani.pk/tools/bank/hbl/'}]",Enjoy up to 10% off on Zenith with HBL,"data:image/svg+xml,%3Csvg%20xmlns='http://www.w3.org/2000/svg'%20viewBox='0%200%200%200'%3E%3C/svg%3E",Zenith
283,"[{'bank_name': 'faysal-bank', 'uri': 'https://propakistani.pk/tools/bank/faysal-bank/'}]","Enjoy up to 15% off at Zigolini's with Faysal Bank (avail discount on amount spend up to PKR 25,000/-)","data:image/svg+xml,%3Csvg%20xmlns='http://www.w3.org/2000/svg'%20viewBox='0%200%200%200'%3E%3C/svg%3E",Zigolini's
